Team,afterLoss_winLoss_Win_percent,afterLoss_winLoss_MOV,afterLoss_winLoss_ATS,afterWin_winLoss_Win_percent,afterWin_winLoss_MOV,afterWin_winLoss_ATS,asUnderdog_winLoss_Win_percent,asUnderdog_winLoss_MOV,asUnderdog_winLoss_ATS,restAdvantage_winLoss_Win_percent,restAdvantage_winLoss_MOV,restAdvantage_winLoss_ATS,equalRest_winLoss_Win_percent,equalRest_winLoss_MOV,equalRest_winLoss_ATS,away_winLoss_Win_percent,away_winLoss_MOV,away_winLoss_ATS,home_winLoss_Win_percent,home_winLoss_MOV,home_winLoss_ATS,neutralSite_winLoss_Win_percent,neutralSite_winLoss_MOV,neutralSite_winLoss_ATS,overallWinPercentage_Win_percent,overallWinPercentage_MOV,overallWinPercentage_ATS
AR Lit Rock,49.1%,-0.4,0.0,50.0%,0.3,-0.5,27.6%,-7.9,-0.5,56.8%,4.4,-1.3,50.5%,-0.4,0.6,32.2%,-6.7,-0.7,66.4%,6.4,0.2,51.5%,0.6,+0.4,50.1%,0.1,-0.2
Abl Christian,48.0%,0.3,-0.9,57.2%,5.3,1.3,25.6%,-8.3,-0.5,66.4%,14.3,1.1,47.3%,-1.4,-0.5,32.7%,-7.3,-0.9,71.4%,14.1,2.1,63.2%,1.9,+1.4,53.7%,3.5,0.6
Air Force,38.6%,-3.6,-0.1,48.9%,1.1,-0.2,21.1%,-9.4,-0.1,52.7%,2.7,-1.4,38.3%,-3.3,0.2,22.9%,-8.4,-0.1,61.1%,4.7,-0.5,44.0%,-0.7,+1.0,44.1%,-1.1,-0.1
Akron,63.8%,5.8,0.4,63.1%,4.7,0.5,28.2%,-6.2,0.0,69.8%,8.6,-0.4,60.8%,3.8,0.5,44.3%,-1.2,0.0,82.3%,11.7,0.7,54.5%,1.1,0.0,63.3%,5.1,0.3
Alab A&M,35.1%,-6.3,-0.9,43.8%,-1.5,0.6,19.8%,-11.7,-0.6,39.8%,-5.9,0.9,40.9%,-2.8,-0.3,21.8%,-11.4,-2.3,59.5%,3.9,2.4,32.6%,-5.1,-1.7,38.2%,-4.6,-0.6
Alabama,61.7%,3.7,0.4,58.7%,4.3,0.1,28.2%,-5.7,0.1,64.9%,5.9,0.2,57.9%,3.2,0.2,34.0%,-4.1,-1.0,79.4%,11.3,1.3,55.1%,1.3,+0.2,60.3%,4.5,0.3
Alabama St,38.1%,-5.1,-1.1,53.2%,0.8,-0.5,13.8%,-13.3,-0.9,44.0%,-2.9,-1.9,48.2%,-1.4,-0.3,27.2%,-9.0,-1.5,65.9%,4.8,-0.7,45.0%,-1.5,+1.1,44.2%,-2.8,-0.8
Albany,46.0%,-0.8,1.2,50.8%,0.2,-1.1,23.0%,-7.4,1.0,50.5%,0.5,-1.1,49.0%,-0.3,1.1,37.3%,-4.4,1.0,59.0%,3.8,-2.1,53.5%,0.8,+2.6,47.5%,-0.6,0.1
Alcorn St,30.6%,-8.7,-1.3,54.4%,0.5,-0.2,15.3%,-17.0,-1.9,36.0%,-5.8,-3.2,44.7%,-3.8,-0.5,24.3%,-12.8,-1.7,64.9%,6.0,0.6,25.4%,-6.8,-1.4,39.2%,-5.5,-1.1
American,43.2%,-2.4,-1.0,53.2%,0.9,0.5,25.1%,-8.3,-0.2,46.5%,-1.7,-0.6,51.0%,0.3,0.3,35.4%,-4.9,0.3,60.6%,3.5,-1.5,64.0%,0.3,+2.6,47.3%,-1.1,-0.3
App State,50.5%,1.5,0.7,52.1%,1.4,-0.4,29.5%,-6.9,0.9,58.8%,8.7,0.9,48.2%,-0.5,0.1,35.7%,-5.2,0.1,68.4%,9.3,-0.1,47.4%,0.3,+0.9,51.4%,1.8,0.1
Arizona,70.1%,8.0,1.3,74.2%,9.4,0.2,41.3%,-3.1,1.3,74.7%,11.4,0.5,71.8%,8.4,0.3,59.3%,3.8,0.6,86.8%,15.2,0.8,66.9%,5.3,-0.2,73.9%,9.5,0.5
Arizona St,48.1%,-0.1,-0.1,55.6%,2.9,-0.5,27.1%,-6.9,-0.1,51.7%,1.3,-1.5,51.4%,1.1,0.0,34.4%,-5.2,-0.5,68.2%,7.6,-0.2,39.3%,-3.0,-1.2,52.9%,1.9,-0.4
Ark Pine Bl,25.1%,-11.6,-0.8,41.6%,-3.9,-0.9,12.8%,-15.9,-1.4,28.1%,-10.1,-2.5,32.4%,-7.7,0.2,18.1%,-16.0,-0.7,47.9%,0.8,0.4,39.6%,-6.3,-1.8,29.2%,-9.9,-0.6
Arkansas,54.3%,2.4,-0.5,61.9%,5.5,-0.7,27.1%,-6.9,-1.0,67.9%,7.5,-1.1,56.6%,3.5,-0.1,29.7%,-5.6,-1.7,80.0%,12.6,1.0,52.9%,0.2,-1.9,60.2%,5.0,-0.4
Arkansas St,50.5%,1.6,0.2,49.4%,0.9,0.0,26.8%,-6.9,0.4,65.1%,8.6,-0.7,43.7%,-1.4,-0.3,30.3%,-5.9,-0.3,69.5%,8.6,0.5,48.4%,-0.2,-1.2,49.6%,1.2,0.0
Army,36.5%,-4.0,-0.4,42.4%,-2.7,-1.3,30.7%,-6.2,0.8,42.2%,-0.4,-3.0,38.3%,-4.3,-0.7,28.8%,-8.1,-0.1,50.0%,1.0,-2.0,39.3%,0.4,-1.0,39.1%,-3.6,-1.0
Auburn,49.7%,0.3,0.9,60.7%,4.9,-0.3,26.4%,-7.8,-0.4,60.7%,6.3,0.2,51.4%,0.9,-0.3,32.9%,-5.0,-0.7,73.8%,9.4,1.4,52.3%,0.5,-0.8,57.1%,3.3,0.3
Austin Peay,49.7%,0.2,-0.3,54.2%,1.2,0.2,24.5%,-8.8,-0.6,56.1%,4.4,-0.7,52.7%,0.3,0.2,33.9%,-6.2,-0.7,70.8%,8.1,0.5,55.7%,0.9,+0.8,52.1%,0.7,-0.1
BYU,64.9%,6.0,1.5,67.1%,7.9,0.8,24.2%,-7.1,-0.9,69.7%,11.5,2.0,66.9%,6.5,1.0,48.9%,0.8,0.6,84.4%,14.0,1.9,54.5%,3.0,-0.6,66.9%,7.5,1.0
Ball St,45.9%,-0.5,-0.7,52.9%,1.8,-0.5,27.3%,-6.4,0.4,59.7%,4.6,-0.7,47.4%,0.1,-0.4,34.4%,-4.4,0.1,65.0%,6.4,-1.0,42.9%,-2.3,+0.1,49.9%,1.1,-0.4
Baylor,48.4%,0.2,0.2,66.9%,7.3,0.8,27.8%,-7.1,0.7,65.8%,9.0,-0.7,55.5%,2.6,0.5,38.4%,-4.8,0.0,74.4%,11.8,0.7,61.9%,4.6,+1.3,60.8%,5.3,0.6
Bellarmine,45.8%,0.3,0.4,51.8%,2.6,-1.3,28.4%,-8.2,0.8,56.7%,14.1,-0.9,45.8%,-3.3,-1.0,35.9%,-6.8,1.0,59.6%,8.8,-3.0,37.5%,-4.6,+1.2,46.0%,-0.1,-0.5
Belmont,59.9%,3.2,1.5,69.1%,7.1,0.3,31.0%,-6.5,0.5,58.5%,5.0,0.0,71.0%,7.0,1.0,51.5%,0.4,0.3,82.3%,12.2,1.5,62.5%,3.9,-0.8,65.5%,5.7,0.6
Beth-Cook,40.3%,-4.2,-0.9,40.8%,-3.0,0.0,23.1%,-11.0,-0.8,41.8%,-2.0,-2.6,42.7%,-2.8,-0.6,26.0%,-10.0,-2.1,58.7%,4.5,1.5,42.2%,-3.5,+0.1,40.5%,-3.6,-0.6
Binghamton,34.3%,-4.8,1.2,40.7%,-3.8,-1.0,23.3%,-10.3,0.2,40.2%,-2.3,2.4,34.7%,-5.2,-1.1,26.8%,-9.2,0.6,45.8%,0.3,-0.9,47.1%,-3.1,+2.4,36.3%,-4.6,0.2
Boise St,59.1%,3.8,1.0,59.8%,4.4,0.6,30.0%,-5.2,1.0,69.6%,9.2,0.4,52.9%,1.9,0.4,43.5%,-1.4,1.2,76.5%,10.6,0.4,49.5%,0.7,0.0,59.8%,4.5,0.7
Boston Col,40.6%,-3.1,-0.3,57.0%,2.1,0.3,27.0%,-7.1,0.7,54.8%,0.3,-0.5,49.1%,0.3,0.8,34.3%,-5.0,1.8,62.1%,3.9,-1.4,44.8%,-2.1,-0.2,50.1%,0.0,0.0
Boston U,50.6%,0.5,0.1,58.0%,2.1,-0.2,29.5%,-6.7,1.1,54.6%,2.1,1.0,54.4%,1.5,-1.0,45.7%,-2.0,1.8,63.8%,5.1,-2.8,45.5%,-1.1,+1.1,53.7%,1.2,0.0
Bowling Grn,48.1%,-0.7,-0.8,52.1%,0.7,-0.4,29.3%,-6.7,-0.2,59.7%,5.0,-1.3,45.7%,-1.7,-0.7,35.4%,-5.1,0.0,66.3%,5.6,-0.9,44.4%,-0.1,-1.7,50.7%,0.3,-0.5
Bradley,45.9%,-0.7,0.1,51.5%,1.1,0.3,25.8%,-7.3,-0.2,59.5%,3.9,0.7,49.5%,-0.2,0.6,27.4%,-6.5,-1.1,70.1%,7.0,1.9,41.1%,-2.8,-1.0,49.7%,0.5,0.3
Brown,42.8%,-2.7,-0.5,43.8%,-1.7,0.8,24.4%,-8.2,0.7,53.9%,1.3,0.5,40.8%,-2.9,0.3,32.8%,-6.2,1.3,56.0%,2.3,-1.1,32.3%,-2.0,-2.5,43.2%,-2.2,0.2
Bryant,33.5%,-6.4,-2.8,51.6%,0.2,0.6,22.6%,-10.8,-1.1,38.4%,-3.4,-2.4,39.4%,-3.6,-0.9,27.8%,-8.9,-1.1,54.9%,2.9,-0.2,46.7%,-4.7,-3.9,40.3%,-3.6,-0.9
Bucknell,50.0%,0.1,0.3,60.5%,3.5,-0.1,26.4%,-7.4,0.4,55.4%,2.1,0.2,56.1%,1.9,0.3,41.3%,-3.1,0.9,71.8%,7.8,-0.9,60.0%,1.9,+0.6,55.7%,2.0,0.2
Buffalo,45.8%,-1.3,0.1,56.5%,2.6,0.8,26.6%,-7.8,0.5,55.2%,4.3,1.0,51.3%,-0.1,0.2,38.8%,-4.4,0.4,65.0%,6.4,0.6,50.0%,0.3,-0.7,51.6%,0.9,0.4
Butler,59.4%,3.4,-0.3,68.3%,6.1,0.9,33.7%,-5.4,0.3,62.3%,5.3,0.0,70.4%,6.9,1.5,49.5%,-0.1,-0.3,80.9%,11.6,1.0,60.8%,2.1,+1.8,66.1%,5.7,0.7
CS Bakersfld,40.4%,-1.7,1.2,48.2%,-0.1,-0.1,21.0%,-7.4,0.8,52.9%,3.5,-0.1,39.1%,-2.5,0.2,27.6%,-7.4,1.2,61.1%,6.4,-0.1,44.7%,-0.8,-0.5,43.1%,-1.1,0.5
CS Fullerton,44.3%,-1.1,0.4,50.4%,0.6,-0.6,27.8%,-7.2,0.3,54.6%,4.9,-0.4,43.8%,-2.3,0.0,35.0%,-5.1,0.9,59.9%,5.1,-1.0,41.1%,-2.5,-1.8,46.5%,-0.4,-0.1
Cal Baptist,51.3%,3.2,0.7,56.4%,5.7,-1.1,27.8%,-7.2,-0.2,69.4%,16.2,-1.1,48.2%,0.8,-0.9,38.2%,-5.0,0.3,68.6%,12.2,0.0,25.0%,-7.1,-5.8,53.9%,4.2,-0.3
Cal Poly,33.8%,-4.5,-0.9,40.9%,-2.1,-0.3,20.8%,-8.7,-0.1,44.6%,-0.6,-1.9,34.5%,-4.2,-0.7,22.3%,-9.0,-0.6,51.5%,2.2,-1.3,41.4%,-1.6,+1.6,36.8%,-3.4,-0.7
Cal St Nrdge,40.6%,-1.6,-0.9,47.2%,-0.3,0.2,23.2%,-8.0,0.0,54.7%,3.8,0.3,41.1%,-2.5,-0.5,30.2%,-6.0,0.5,57.6%,4.5,-1.6,47.8%,-0.8,+0.1,43.7%,-1.0,-0.4
California,45.9%,-1.4,-0.9,57.4%,2.4,-0.2,24.6%,-8.3,-0.9,55.0%,1.7,-1.2,52.8%,0.6,-0.4,34.5%,-5.8,-0.5,68.4%,6.3,-0.2,34.7%,-4.0,-2.3,52.7%,0.9,-0.5
Campbell,38.9%,-3.5,1.2,41.6%,-2.0,-0.8,27.2%,-5.5,1.1,48.8%,2.3,-1.0,38.8%,-4.1,0.4,25.2%,-8.7,1.0,57.2%,4.1,-0.2,39.1%,-4.4,-1.4,41.0%,-2.4,0.2
Canisius,41.8%,-2.4,-0.8,45.0%,-1.2,-0.1,27.2%,-6.6,0.8,45.4%,-1.0,-0.7,44.5%,-1.5,-0.1,32.6%,-5.4,0.3,54.1%,1.7,-1.5,47.8%,-1.0,+0.4,43.1%,-2.0,-0.5
Central Ark,30.5%,-6.5,-0.5,34.1%,-5.2,-2.5,20.6%,-13.5,-1.2,41.3%,-1.2,-3.4,27.9%,-7.7,0.0,16.1%,-14.4,-2.1,48.1%,2.5,-0.3,38.5%,-2.7,+2.4,31.0%,-6.6,-1.2
Central Conn,37.8%,-4.6,-0.2,51.6%,0.5,-1.6,19.9%,-10.9,0.1,47.4%,-0.7,1.4,41.9%,-2.8,-1.2,33.9%,-6.1,0.6,56.2%,2.4,-2.3,34.2%,-5.9,-3.3,43.7%,-2.4,-0.8
Central Mich,38.0%,-3.7,-0.9,47.1%,-1.1,0.0,23.5%,-9.1,-0.5,56.6%,4.2,-0.7,39.2%,-3.8,-0.2,26.4%,-8.6,-0.5,59.1%,4.7,-0.6,42.1%,-3.5,-1.4,42.4%,-2.2,-0.6
Charl South,38.1%,-2.6,-1.2,41.1%,-0.2,-0.1,15.6%,-11.2,-1.1,49.2%,5.9,1.2,37.8%,-3.8,-0.9,21.3%,-10.0,-0.3,58.5%,7.4,-1.0,36.6%,-4.4,-2.0,39.2%,-1.7,-0.7
Charlotte,48.4%,-0.1,-0.3,54.4%,1.0,-0.4,28.7%,-6.9,-0.4,59.3%,2.8,0.8,49.1%,-0.4,-1.0,37.0%,-4.3,-0.9,68.1%,6.2,0.5,46.1%,-2.5,-1.4,52.4%,0.8,-0.4
Chattanooga,52.4%,2.1,-0.1,56.6%,2.1,-0.7,29.2%,-7.9,0.1,70.1%,12.1,0.2,49.9%,-0.9,-0.8,38.6%,-4.6,0.1,71.4%,9.5,-0.8,48.1%,-0.7,-1.4,55.0%,2.4,-0.4
Chicago St,22.3%,-12.0,-1.8,31.5%,-7.0,0.0,12.3%,-18.0,-1.4,36.5%,-4.5,-1.4,19.1%,-14.2,-2.8,11.3%,-17.8,-2.0,44.1%,-1.1,-1.6,32.2%,-5.2,+0.3,24.8%,-10.8,-1.6
Cincinnati,63.5%,5.1,0.6,70.2%,8.9,0.1,29.6%,-5.8,0.2,65.6%,7.2,-0.8,70.0%,8.3,0.6,50.9%,0.6,-0.1,81.9%,13.8,0.7,62.0%,4.2,-0.4,68.8%,8.0,0.2
Citadel,31.3%,-5.5,-1.1,42.3%,-1.7,0.0,20.0%,-11.3,-0.4,53.8%,6.0,-0.6,29.5%,-7.3,-0.8,21.5%,-11.8,-0.3,48.8%,3.1,-1.4,39.0%,-1.4,-0.1,35.8%,-3.9,-0.7
Clemson,49.9%,1.0,-0.3,59.4%,5.0,0.6,26.0%,-6.6,0.4,56.4%,3.8,0.8,56.2%,3.8,-0.1,34.0%,-3.9,-0.5,73.0%,9.3,0.8,51.2%,3.6,+0.4,56.8%,4.0,0.3
Cleveland St,44.0%,-1.9,-0.6,53.8%,1.0,-0.2,25.1%,-8.5,-0.4,58.8%,4.6,1.1,45.5%,-2.1,-0.7,33.2%,-6.3,-0.5,63.9%,5.6,-0.3,44.1%,-3.5,-0.5,48.4%,-0.5,-0.4
Coastal Car,48.3%,0.6,0.5,51.2%,2.5,-0.3,34.4%,-5.4,1.0,58.4%,8.4,-0.1,47.8%,-1.2,-0.3,31.7%,-6.3,-0.1,66.7%,9.2,0.3,43.2%,-2.0,-0.5,50.1%,1.8,0.0
Col Charlestn,63.3%,4.0,0.9,67.8%,5.4,-0.4,33.6%,-4.6,1.9,67.7%,7.3,0.2,66.3%,4.7,0.1,56.4%,1.5,1.7,78.4%,9.5,-1.1,56.1%,1.2,-0.6,66.6%,5.2,0.2
Colgate,47.4%,-0.3,1.2,50.9%,0.9,1.3,20.6%,-8.1,1.9,52.9%,3.1,0.6,49.4%,0.0,2.1,37.3%,-4.9,1.4,64.4%,6.7,2.3,33.3%,-4.1,-3.9,49.1%,0.3,1.4
Colorado,52.7%,1.3,0.5,57.0%,3.2,-0.5,25.1%,-7.9,-0.6,62.4%,5.1,-0.2,52.0%,0.9,-0.5,29.2%,-6.0,-1.6,76.2%,9.5,1.1,54.9%,1.3,+0.7,56.3%,2.8,0.0
Colorado St,46.9%,0.2,-0.7,59.2%,3.6,0.8,22.8%,-7.4,-0.5,61.6%,5.8,-0.1,53.2%,1.3,0.5,34.7%,-4.7,-0.3,71.5%,8.6,0.3,55.1%,2.1,+1.6,55.3%,2.7,0.2
Columbia,39.1%,-2.1,-0.1,45.6%,-0.6,-1.0,17.2%,-9.5,-0.2,50.3%,3.4,-0.4,39.1%,-3.1,-0.3,28.3%,-6.6,0.7,55.3%,3.7,-1.7,44.1%,-2.7,-2.6,41.8%,-1.5,-0.5
Connecticut,63.5%,5.2,-0.6,73.0%,9.5,1.0,31.5%,-4.4,1.0,68.2%,9.4,-0.3,72.2%,7.7,1.0,51.8%,1.2,-0.1,83.3%,14.7,0.3,70.8%,5.6,+1.7,71.1%,8.7,0.5
Coppin St,30.3%,-8.7,-0.4,48.7%,-0.8,-2.0,18.1%,-13.4,-0.4,42.8%,-4.4,-0.6,40.9%,-3.8,-1.0,25.5%,-11.3,-0.5,53.4%,2.1,-1.3,40.0%,-4.4,-2.0,36.4%,-6.1,-0.9
Cornell,41.2%,-2.1,1.4,49.2%,0.6,-0.7,26.5%,-7.9,1.2,51.8%,4.0,1.3,44.5%,-1.5,0.6,34.3%,-5.7,1.0,58.0%,4.7,-0.6,45.5%,0.5,+2.5,45.3%,-0.8,0.5
Creighton,64.8%,5.5,0.8,68.5%,7.1,0.7,37.6%,-3.2,1.8,70.1%,8.1,0.3,67.2%,6.6,0.7,50.0%,0.2,0.1,83.7%,13.3,1.0,61.6%,3.9,+1.1,68.3%,7.2,0.7
Dartmouth,29.4%,-5.7,-0.7,36.5%,-2.7,0.1,20.0%,-9.9,-0.2,39.9%,0.9,-0.1,28.5%,-7.1,-0.9,18.8%,-9.3,0.2,45.6%,0.5,-1.2,33.3%,-6.2,-4.1,31.5%,-4.7,-0.5
Davidson,64.3%,6.3,0.7,64.8%,6.6,0.5,27.3%,-7.1,0.0,62.8%,9.6,0.8,68.2%,5.5,0.7,52.2%,0.5,0.8,80.8%,14.2,0.5,51.1%,0.7,-0.4,64.4%,6.5,0.5
Dayton,68.4%,5.9,1.1,63.8%,4.7,0.2,34.8%,-4.0,1.5,68.8%,6.8,1.2,66.2%,4.8,0.6,46.3%,-0.4,0.3,82.5%,10.5,0.6,54.7%,0.6,+0.9,66.2%,5.4,0.5
DePaul,33.2%,-5.6,-0.7,47.5%,-0.1,-0.5,20.6%,-9.6,-0.5,43.0%,-3.0,-1.1,39.8%,-2.5,-0.5,27.6%,-8.0,0.2,51.8%,1.4,-1.3,28.2%,-5.7,-1.2,40.3%,-2.9,-0.7
Delaware,45.4%,-1.6,0.2,54.3%,0.2,-1.7,26.4%,-7.8,-0.2,54.4%,0.8,-1.6,46.2%,-1.7,-0.5,37.8%,-4.5,-0.5,62.6%,3.5,-1.3,50.6%,-1.3,+0.9,49.9%,-0.7,-0.7
Delaware St,28.5%,-7.9,-1.1,49.8%,-0.8,-0.8,13.2%,-14.1,-0.8,35.5%,-4.0,-2.4,37.4%,-4.3,-0.9,24.9%,-11.5,-2.2,54.3%,3.7,-0.5,36.9%,-3.0,-0.6,37.2%,-5.0,-1.4
Denver,41.0%,-2.0,-0.2,47.9%,-0.2,-0.3,20.4%,-8.3,-0.6,53.6%,0.9,-0.4,42.1%,-1.4,-0.4,23.1%,-8.5,-1.5,63.1%,5.1,0.9,50.8%,0.3,-0.6,43.7%,-1.5,-0.4
Detroit,42.8%,-1.6,-0.4,52.2%,2.0,-0.2,20.0%,-8.5,-0.8,49.5%,3.3,0.1,48.6%,-0.3,-0.3,30.6%,-5.6,-0.5,66.0%,7.0,0.1,51.8%,-1.4,-3.1,47.7%,0.3,-0.4
Drake,45.2%,-1.3,-0.2,52.5%,1.6,0.4,26.5%,-7.3,0.0,55.0%,4.3,0.1,49.3%,-0.6,0.1,29.5%,-7.0,-1.0,67.4%,7.2,1.0,47.8%,0.1,+0.9,49.9%,0.7,0.1
Drexel,50.0%,0.4,0.0,53.2%,1.6,-0.3,27.6%,-6.2,0.1,51.9%,1.4,-2.2,50.4%,0.8,0.0,40.0%,-2.9,0.0,66.8%,6.2,0.0,39.3%,-2.0,-1.5,51.2%,1.0,-0.1
Duke,78.9%,13.0,0.8,81.5%,13.5,0.3,43.3%,-1.1,2.9,82.5%,14.4,0.3,81.7%,13.4,1.0,66.3%,7.2,0.2,91.7%,20.3,1.2,80.2%,9.7,-0.3,81.5%,13.9,0.5
Duquesne,35.4%,-4.2,-1.0,49.9%,-0.1,-0.3,21.0%,-8.9,-0.2,46.7%,-0.2,-0.8,39.2%,-2.7,-0.5,26.9%,-7.4,-0.1,55.4%,2.8,-1.1,43.6%,-2.0,-0.2,42.7%,-1.8,-0.6
E Carolina,39.3%,-3.9,-1.2,41.9%,-0.9,-0.5,22.7%,-8.9,-0.3,46.2%,0.7,-1.6,41.7%,-3.3,-0.5,19.9%,-9.6,-1.4,58.1%,3.5,-1.1,45.6%,-1.1,+3.1,42.1%,-2.0,-0.8
E Illinois,38.7%,-2.7,-1.4,47.3%,-1.3,0.1,22.9%,-9.2,-0.4,56.4%,5.2,-0.5,37.9%,-4.4,-1.1,27.4%,-7.5,0.4,58.1%,3.5,-2.0,39.0%,-2.1,-3.9,41.8%,-2.3,-0.8
E Kentucky,44.5%,-1.0,-0.5,53.1%,1.5,-0.2,27.3%,-8.0,0.9,54.9%,7.1,-0.4,47.3%,-1.6,-0.3,31.3%,-6.7,0.1,67.3%,8.3,-1.1,57.7%,1.7,+1.6,49.5%,0.7,-0.3
E Michigan,42.5%,-2.0,0.2,42.0%,-2.7,-1.9,22.5%,-9.5,-1.2,52.6%,3.9,-1.0,39.3%,-4.0,-0.9,23.5%,-9.2,-0.9,61.9%,4.9,-0.4,36.5%,-2.8,-2.2,42.7%,-2.0,-0.8
E Tenn St,56.7%,3.2,0.6,62.1%,4.4,0.4,26.6%,-6.7,1.0,63.9%,9.1,0.4,58.5%,2.4,0.3,45.2%,-2.6,0.8,74.6%,10.7,-0.5,57.1%,3.4,+2.2,59.6%,4.0,0.5
E Washingtn,51.6%,0.6,1.2,54.5%,1.9,0.4,25.8%,-8.2,0.5,59.5%,6.1,1.1,53.2%,0.3,0.3,34.2%,-5.7,0.4,75.1%,9.6,0.9,50.0%,0.5,+1.4,52.6%,1.2,0.7
Elon,38.4%,-3.8,0.0,45.4%,-1.3,-0.3,23.7%,-9.0,0.1,50.7%,2.8,-0.3,40.3%,-4.0,-0.2,26.9%,-9.0,0.6,58.5%,4.3,-1.0,38.4%,-2.8,-0.3,41.7%,-2.7,-0.1
Evansville,37.0%,-4.0,-1.5,51.5%,0.4,0.1,22.0%,-9.2,-1.2,55.6%,1.8,-1.1,38.9%,-3.5,-0.9,25.0%,-8.7,-1.7,62.9%,4.5,0.3,31.3%,-4.0,-2.1,44.2%,-1.8,-0.8
F Dickinson,37.0%,-4.7,-0.1,48.5%,-0.3,0.8,25.3%,-8.9,0.6,43.7%,-1.0,-0.9,41.9%,-3.1,1.5,31.9%,-7.2,0.6,54.3%,2.0,-0.8,27.3%,-6.7,+0.2,41.4%,-3.2,0.1
Fairfield,45.6%,-1.3,-0.5,51.6%,0.2,-0.1,27.8%,-6.7,0.2,45.9%,-0.9,-0.8,48.2%,-1.3,-1.1,39.7%,-4.1,0.4,56.6%,2.7,-1.4,52.3%,0.2,-0.5,48.1%,-0.8,-0.5
Fla Atlantic,37.1%,-4.1,0.1,50.4%,1.1,0.5,25.0%,-7.8,0.5,51.8%,2.0,0.4,40.3%,-2.8,0.2,27.0%,-7.9,-0.4,59.4%,4.5,1.2,45.0%,-0.5,+0.1,42.7%,-1.8,0.3
Fla Gulf Cst,47.8%,0.4,0.0,56.4%,2.2,0.1,27.3%,-7.0,1.2,66.2%,6.2,4.1,50.3%,0.5,-0.3,34.3%,-5.8,-0.7,67.9%,7.3,-0.1,48.7%,0.2,+2.7,51.5%,0.9,0.1
Florida,66.8%,7.5,0.3,68.7%,9.6,0.6,29.9%,-4.0,0.9,68.8%,10.8,0.3,66.4%,7.4,0.0,49.7%,1.4,0.0,82.5%,15.9,0.7,67.5%,6.5,+1.0,69.0%,9.4,0.5
Florida A&M,32.1%,-7.8,1.5,43.2%,-3.7,0.2,23.3%,-10.7,1.9,41.4%,-5.8,0.8,37.5%,-6.0,0.1,19.8%,-13.0,0.5,57.9%,1.7,1.0,38.5%,-4.9,+2.4,35.6%,-6.8,1.0
Florida Intl,37.1%,-3.1,-0.7,42.9%,-2.1,-0.6,21.9%,-8.8,-0.1,49.6%,1.3,-0.4,37.8%,-3.6,-0.6,23.9%,-8.5,-0.4,55.7%,3.0,-1.0,40.4%,-2.4,-0.5,40.3%,-2.5,-0.6
Florida St,55.4%,0.9,-0.3,58.7%,3.6,-0.4,32.7%,-6.5,0.5,56.8%,1.7,-0.9,60.6%,3.6,0.7,37.5%,-4.8,-0.9,72.4%,8.7,0.2,56.9%,1.2,-0.6,58.1%,2.9,-0.3
Fordham,32.7%,-6.4,-0.5,40.6%,-3.3,-0.7,20.0%,-10.5,-0.6,37.1%,-3.8,-0.9,33.9%,-6.2,-1.0,19.6%,-11.3,-0.9,50.1%,0.1,-0.8,34.3%,-4.7,+0.2,35.9%,-5.2,-0.7
Fresno St,53.5%,2.1,0.3,53.6%,1.9,-0.6,28.3%,-5.8,1.0,64.5%,6.3,0.9,52.6%,1.5,-0.2,38.0%,-3.6,0.3,70.5%,7.9,-0.4,38.4%,-2.4,-1.4,54.5%,2.3,-0.2
Furman,49.2%,0.8,0.4,51.2%,2.3,0.2,21.0%,-8.9,-0.3,61.2%,8.8,-0.3,49.2%,0.3,0.6,33.3%,-4.7,0.2,68.9%,9.3,0.6,50.7%,0.4,-1.0,51.0%,2.1,0.2
GA Southern,48.5%,0.2,-0.7,49.8%,0.6,0.2,25.2%,-7.9,0.1,61.6%,8.2,-0.8,48.7%,-0.8,0.5,32.4%,-6.2,-0.6,68.7%,8.8,0.4,47.4%,-0.7,-0.4,49.5%,0.8,-0.2
GA Tech,49.1%,-0.2,0.1,49.7%,1.7,-0.2,28.8%,-6.5,0.6,53.6%,3.1,0.3,47.0%,0.2,-0.3,27.7%,-5.6,0.7,66.8%,7.1,-0.3,49.5%,-1.3,-0.9,50.6%,1.5,0.0
Gard-Webb,45.9%,-0.9,-0.8,52.0%,2.1,1.8,25.8%,-7.3,2.2,52.6%,5.9,0.6,47.9%,-0.8,1.0,31.7%,-6.2,1.8,67.2%,8.4,-0.7,53.1%,1.4,+0.9,47.9%,0.4,1.1
Geo Mason,57.6%,2.3,0.8,56.7%,2.5,0.1,32.4%,-5.6,0.8,62.2%,3.0,0.3,56.7%,2.5,0.4,42.6%,-1.6,0.9,72.7%,7.0,0.3,49.6%,-0.8,-1.0,57.4%,2.4,0.4
Geo Wshgtn,47.0%,-1.0,-0.5,56.6%,2.0,0.0,27.1%,-7.1,-0.2,55.7%,1.9,-0.6,51.8%,0.6,0.1,37.3%,-4.5,-0.6,67.6%,6.3,0.2,47.6%,-1.9,-0.7,53.0%,1.0,-0.2
Georgetown,46.4%,0.3,0.0,62.1%,5.7,-0.3,26.8%,-6.2,0.6,60.6%,5.1,-0.2,54.2%,2.8,-0.5,41.1%,-2.4,1.1,67.6%,8.6,-1.6,53.2%,2.0,+0.4,56.4%,3.9,-0.3
Georgia,44.5%,-1.7,0.2,55.5%,1.3,0.0,26.3%,-7.0,0.5,54.6%,1.2,-0.1,47.2%,-0.8,0.3,29.2%,-6.7,0.2,67.9%,5.5,0.0,40.4%,-2.5,+0.1,50.7%,0.2,0.1
Georgia St,50.0%,1.0,0.2,58.4%,3.3,-0.3,21.7%,-7.7,0.2,59.4%,5.7,0.2,53.2%,1.4,-0.4,39.5%,-2.9,-0.5,69.5%,7.9,0.0,57.3%,2.8,+2.3,54.9%,2.5,0.0
Gonzaga,82.1%,14.9,2.0,82.7%,13.8,1.0,40.5%,-2.7,2.1,86.3%,17.7,1.9,83.1%,13.5,1.1,76.1%,9.3,1.3,93.2%,21.9,1.5,73.4%,7.3,+0.5,82.8%,14.2,1.2
Grambling St,29.0%,-9.7,-0.3,49.1%,-1.5,1.6,30.0%,-10.9,1.5,42.7%,-4.1,-1.2,36.1%,-6.4,1.8,23.5%,-13.6,0.8,55.1%,2.8,0.0,36.8%,-6.1,+1.8,36.5%,-6.8,0.7
Grd Canyon,63.4%,4.8,-0.7,67.0%,7.3,1.4,29.8%,-6.3,-0.1,72.2%,12.2,2.9,65.8%,4.5,0.2,46.3%,-2.0,-0.4,78.9%,12.4,1.4,57.1%,2.1,+1.9,64.7%,6.0,0.9
Hampton,45.0%,-1.3,0.3,56.6%,1.5,0.6,27.8%,-8.6,0.2,56.6%,3.2,-0.1,52.6%,0.3,0.3,39.7%,-3.8,0.1,64.5%,5.2,0.2,49.5%,-0.4,+0.8,50.8%,0.2,0.3
Harvard,50.8%,-0.4,-0.7,57.9%,2.8,0.2,28.1%,-7.0,0.9,64.2%,4.7,-0.4,53.2%,0.8,-0.5,44.8%,-2.3,0.0,67.6%,6.1,-1.0,55.3%,1.6,+3.1,55.6%,1.7,-0.2
Hawaii,55.2%,1.7,-0.2,57.5%,2.5,0.0,30.8%,-5.8,0.9,64.7%,5.3,-0.2,53.5%,1.0,-0.1,35.6%,-4.5,-0.4,70.0%,6.6,-0.1,48.6%,0.8,+1.9,57.2%,2.5,0.0
High Point,46.1%,0.0,-0.5,49.2%,-0.2,-1.9,22.6%,-8.7,-0.8,56.7%,7.5,0.8,46.8%,-2.0,-1.8,28.9%,-7.1,-1.6,67.9%,8.5,-0.2,45.7%,-2.4,-2.6,47.9%,0.4,-1.1
Hofstra,52.3%,1.5,0.3,63.0%,3.9,0.6,30.5%,-6.1,1.0,61.8%,4.8,1.0,58.1%,2.4,0.0,48.5%,-0.7,1.5,71.9%,7.6,-0.5,50.9%,0.0,-0.1,58.7%,2.9,0.5
Holy Cross,42.3%,-2.2,0.1,49.6%,0.0,-2.0,25.7%,-8.9,-0.1,44.0%,-1.0,-0.8,46.9%,-1.0,-1.3,36.2%,-4.5,0.6,58.7%,3.4,-2.4,37.7%,-4.1,-0.4,46.0%,-1.1,-0.7
Houston,48.5%,0.2,0.8,65.8%,6.7,1.2,25.8%,-7.7,0.6,62.2%,5.7,0.3,58.6%,3.6,1.3,39.8%,-3.1,0.2,74.7%,10.9,2.1,61.2%,4.1,+0.6,59.9%,4.7,1.1
Howard,29.1%,-7.6,-1.3,37.3%,-3.7,-0.9,21.2%,-12.0,-1.2,39.1%,-3.7,0.7,30.5%,-6.8,-1.9,18.6%,-12.6,-2.3,47.2%,1.0,0.2,36.6%,-5.3,-0.5,31.6%,-6.5,-1.1
Hsn Christian,30.4%,-5.4,-0.2,36.8%,-5.7,-2.7,13.2%,-13.8,-1.1,43.4%,1.6,-1.2,29.8%,-7.6,-0.9,13.7%,-15.0,-0.6,53.1%,4.7,-1.4,27.8%,-7.9,-3.6,31.1%,-6.4,-1.2
IL-Chicago,40.2%,-2.6,-0.2,49.2%,-0.1,-0.1,23.9%,-7.7,0.0,47.2%,1.1,0.0,43.6%,-2.0,0.1,29.8%,-6.8,-0.9,58.9%,4.0,0.1,44.8%,-0.4,+3.1,44.5%,-1.3,-0.1
IPFW,47.2%,0.0,-0.5,51.1%,1.7,1.0,33.3%,-6.1,1.1,56.3%,8.3,-0.3,48.6%,-1.5,0.5,29.6%,-7.6,0.4,68.4%,9.6,0.1,42.9%,-1.4,+1.2,47.1%,0.2,0.3
IU Indy,38.0%,-3.7,-1.2,48.2%,-0.4,-1.2,21.3%,-10.9,-0.9,55.1%,3.6,0.7,40.8%,-3.2,-2.1,29.0%,-7.5,-1.0,57.7%,4.0,-1.7,43.8%,-2.4,-0.8,42.6%,-2.1,-1.2
Idaho,38.9%,-3.1,0.2,39.9%,-2.5,-0.2,23.1%,-8.3,0.8,44.1%,1.4,-2.2,39.6%,-3.4,0.5,26.6%,-7.8,1.1,54.4%,2.8,-0.8,34.6%,-3.4,-1.1,39.9%,-2.6,0.1
Idaho St,36.9%,-3.7,-0.4,34.3%,-4.3,-1.0,20.9%,-9.3,-0.3,46.4%,0.9,-0.5,32.6%,-4.9,-0.4,19.2%,-10.2,-0.2,54.0%,3.2,-0.6,35.2%,-4.1,-2.5,35.3%,-4.0,-0.5
Illinois,58.1%,3.7,0.3,66.0%,6.9,0.5,27.8%,-5.2,0.6,65.9%,8.0,1.2,64.8%,6.4,0.2,44.6%,-1.0,0.3,79.2%,12.6,1.0,59.8%,3.2,-0.4,64.3%,6.3,0.5
Illinois St,48.3%,-0.2,0.0,55.3%,2.0,-0.2,24.4%,-6.8,0.0,56.5%,3.0,-0.2,49.0%,-0.2,-0.5,31.9%,-4.9,-0.4,70.5%,6.7,0.1,45.2%,-2.0,-1.0,52.2%,1.1,-0.2
Incar Word,34.2%,-4.5,-0.4,47.2%,-1.2,-1.9,19.3%,-11.0,-0.4,59.8%,6.4,0.9,29.6%,-7.2,-2.1,23.4%,-10.7,-0.6,54.8%,4.1,-2.4,33.3%,-7.6,+2.0,39.0%,-3.4,-1.1
Indiana,54.3%,2.4,0.4,60.1%,5.2,-0.5,28.4%,-6.8,-0.2,63.4%,5.4,0.0,57.1%,5.2,0.3,34.4%,-4.2,-1.2,77.4%,11.6,1.2,50.4%,0.4,-1.6,58.9%,4.6,-0.1
Indiana St,44.9%,-1.8,-0.5,54.5%,1.3,1.0,29.3%,-6.7,0.4,51.8%,1.8,0.1,47.8%,-0.6,0.1,32.0%,-5.3,-0.2,67.8%,5.4,1.0,47.2%,-2.0,-0.8,50.2%,0.0,0.2
Iona,52.6%,1.9,0.1,63.3%,4.5,0.5,25.9%,-5.9,1.0,58.5%,2.9,0.0,56.7%,3.2,0.2,47.9%,-0.1,0.3,72.4%,7.5,-0.5,55.0%,3.2,+1.8,58.5%,3.4,0.3
Iowa,55.0%,2.6,0.1,57.5%,4.6,0.1,29.8%,-6.0,0.3,57.1%,4.1,0.0,57.2%,4.8,0.9,34.6%,-4.0,-0.4,75.6%,11.3,0.7,48.1%,-0.6,-0.7,57.7%,4.4,0.1
Iowa St,48.7%,0.2,0.2,62.4%,5.9,1.0,25.8%,-6.9,0.3,64.3%,7.4,0.1,53.9%,2.0,0.4,28.2%,-6.0,-0.6,76.7%,11.0,1.3,58.7%,2.5,+1.5,57.9%,4.1,0.6
Jackson St,38.0%,-4.9,-1.0,54.6%,0.8,0.5,20.0%,-11.6,0.6,45.9%,-2.1,-0.3,49.4%,-1.3,0.4,28.2%,-8.4,0.5,70.2%,5.9,-1.4,46.2%,-2.8,-2.3,44.4%,-2.9,-0.4
Jacksonville,43.6%,-1.3,0.7,49.5%,-1.1,0.0,23.6%,-8.7,0.4,57.9%,5.1,0.5,41.4%,-3.1,-0.1,31.2%,-7.3,-0.1,64.1%,6.0,1.0,46.2%,0.1,-0.5,46.4%,-1.0,0.2
James Mad,43.0%,-1.8,-0.8,50.0%,0.1,-0.5,26.1%,-7.6,-0.3,60.3%,4.2,-0.6,44.2%,-1.9,-0.5,35.1%,-4.9,0.5,58.5%,3.6,-1.8,46.8%,-1.0,-0.2,47.0%,-0.6,-0.6
Jksnville St,40.0%,-2.3,-0.4,51.8%,1.6,0.9,22.4%,-7.1,1.3,54.8%,4.7,0.4,42.6%,-1.8,0.5,29.3%,-5.6,1.1,61.7%,5.4,-1.2,51.7%,-0.5,+0.4,45.2%,-0.3,0.1
Kansas,85.2%,12.5,2.3,79.6%,11.4,0.4,42.7%,-3.8,-0.2,83.7%,13.8,0.7,77.1%,9.9,0.4,65.6%,4.3,-0.3,93.3%,18.0,1.3,74.9%,9.2,+0.8,80.7%,11.8,0.7
Kansas City,39.7%,-3.1,-0.2,44.9%,-1.1,0.4,28.9%,-8.1,1.1,53.4%,5.0,-1.2,38.3%,-4.1,-0.3,28.2%,-8.2,0.1,58.0%,4.7,0.2,31.3%,-5.0,-0.9,41.9%,-2.1,0.0
Kansas St,50.3%,1.3,0.1,60.8%,4.3,0.7,27.8%,-6.3,0.7,62.5%,5.7,-0.1,55.0%,2.4,0.5,31.6%,-5.6,-0.3,75.6%,10.0,1.0,51.1%,1.1,+0.4,57.3%,3.5,0.4
Kennesaw St,27.2%,-7.7,-0.9,41.3%,-2.9,0.1,13.3%,-13.2,-1.0,47.0%,1.3,-0.3,28.0%,-7.5,-0.5,17.4%,-12.3,-1.1,48.3%,1.0,-0.3,35.5%,-4.9,+0.6,32.0%,-6.0,-0.6
Kent St,63.5%,4.5,0.4,65.5%,4.7,0.5,36.0%,-4.3,1.4,69.6%,8.0,0.2,64.0%,3.8,0.7,50.7%,-0.7,0.6,80.6%,10.8,0.3,58.9%,3.2,+1.4,65.4%,5.0,0.6
Kentucky,72.7%,9.3,0.6,76.1%,10.0,0.4,40.0%,-2.4,2.0,76.4%,10.3,-0.2,74.7%,9.4,0.5,60.6%,3.6,1.0,88.0%,15.7,0.0,69.2%,7.0,+0.4,75.5%,10.1,0.4
LA Tech,57.6%,3.4,-0.6,61.4%,4.5,0.8,28.1%,-7.0,0.1,64.0%,8.1,0.8,57.8%,3.0,0.3,40.8%,-2.9,-0.2,79.9%,11.6,1.1,53.5%,1.7,-1.2,59.5%,4.0,0.2
LIU,34.5%,-5.6,-0.8,40.0%,-2.0,-0.3,14.6%,-12.3,-0.9,33.3%,-4.1,-1.4,38.1%,-5.1,-1.4,19.5%,-11.8,-1.9,57.9%,4.4,0.3,33.3%,-4.5,+6.7,35.7%,-4.9,-0.7
LSU,48.4%,-0.8,-1.2,61.1%,4.6,-0.3,26.3%,-7.3,-0.5,70.1%,7.3,1.1,52.4%,1.6,-0.8,33.3%,-5.4,-0.4,75.3%,9.8,-0.1,45.3%,-1.4,-2.3,57.2%,3.2,-0.5
La Salle,43.0%,-2.3,-0.7,45.8%,-1.5,0.3,26.2%,-7.7,0.1,45.0%,-0.7,-0.2,46.7%,-1.9,-0.3,32.4%,-6.0,-0.3,57.6%,2.4,-0.7,40.4%,-2.3,+1.1,45.0%,-1.7,-0.3
Lafayette,40.9%,-2.7,-1.5,51.1%,-0.4,0.0,26.6%,-8.7,-0.1,51.7%,2.2,-2.6,44.2%,-2.4,0.0,34.5%,-6.1,1.0,58.0%,3.3,-2.8,39.1%,-5.1,-4.3,45.4%,-1.8,-0.7
Lamar,40.6%,-1.7,0.3,49.6%,1.1,-0.2,21.5%,-9.8,0.2,58.9%,8.1,0.9,41.0%,-2.9,-0.5,27.1%,-8.1,-0.7,65.2%,8.9,0.5,52.4%,-0.1,+1.2,45.9%,0.1,0.0
Le Moyne,52.9%,4.9,6.5,40.0%,0.3,1.5,22.7%,-8.5,2.0,87.5%,20.5,9.1,33.3%,-2.9,0.7,20.0%,-11.3,2.9,71.4%,14.1,5.7,,,,38.5%,-2.2,3.9
Lehigh,45.7%,-0.8,-0.3,54.0%,1.3,-0.1,27.7%,-7.7,0.7,54.3%,4.2,0.1,47.7%,-0.8,-0.4,36.0%,-4.7,1.0,64.0%,5.5,-1.4,51.9%,1.5,+2.2,49.2%,0.1,0.0
Lg Beach St,43.9%,-2.7,-0.1,55.2%,0.8,0.2,26.8%,-8.8,0.0,57.5%,3.6,0.1,49.9%,-1.2,0.0,33.4%,-6.9,-0.1,67.2%,5.8,-0.1,48.5%,-1.5,+0.5,49.4%,-0.9,0.0
Liberty,43.8%,-1.1,-1.0,57.2%,3.8,-0.3,19.3%,-10.0,-1.2,56.2%,6.2,-0.2,48.1%,-0.3,-0.6,32.4%,-5.9,-0.9,68.8%,9.2,-0.1,45.2%,-2.1,-0.9,51.2%,1.7,-0.6
Lindenwood,38.1%,-1.2,-1.5,25.0%,-10.3,0.2,21.2%,-11.5,-0.9,43.8%,10.5,-2.9,33.3%,-9.6,0.1,14.7%,-16.4,-1.5,50.0%,5.4,-1.6,40.0%,-2.0,+4.3,31.3%,-6.2,-1.1
Lipscomb,51.4%,1.1,-0.8,51.5%,0.8,1.0,33.1%,-6.1,2.8,57.2%,5.3,0.2,50.1%,-0.3,-0.4,36.7%,-4.8,1.2,68.9%,8.0,-0.2,42.9%,-0.5,-2.1,51.5%,1.2,0.4
Longwood,31.4%,-6.9,0.8,48.3%,-0.8,1.6,26.1%,-7.4,2.3,53.5%,3.3,0.6,31.8%,-7.1,1.2,19.9%,-12.8,0.1,58.3%,4.7,2.0,35.3%,-4.4,+3.3,37.6%,-4.6,1.2
Louisiana,53.2%,2.8,0.7,58.3%,2.2,0.0,26.8%,-6.9,0.0,64.1%,7.3,0.7,55.2%,1.2,0.1,37.6%,-4.0,-0.4,75.1%,9.6,0.5,57.3%,1.8,+1.9,56.3%,2.6,0.2
Louisville,56.2%,2.9,-0.2,67.8%,8.8,0.4,23.4%,-7.1,-0.4,70.7%,9.1,0.3,61.8%,6.5,0.9,47.6%,0.6,0.8,77.5%,12.1,0.1,56.7%,4.5,+0.4,64.7%,7.3,0.4
Loyola Mymt,37.8%,-5.1,-0.4,38.0%,-3.9,-1.1,21.8%,-10.0,-0.2,48.5%,-0.3,-2.0,35.0%,-5.5,-0.5,26.2%,-8.7,0.5,50.4%,0.4,-1.5,40.5%,-4.7,-1.5,38.8%,-4.1,-0.6
Loyola-Chi,46.6%,-0.7,-0.1,56.2%,2.5,0.0,27.3%,-6.9,0.3,58.2%,4.1,-0.2,48.2%,-0.3,-0.4,34.9%,-5.2,-0.3,67.7%,6.8,0.0,53.6%,1.8,+1.3,52.3%,1.2,0.0
Loyola-MD,37.2%,-4.5,-0.5,42.7%,-2.8,-0.3,23.3%,-8.8,0.1,36.2%,-4.4,-1.2,41.7%,-3.1,-0.3,27.6%,-7.4,0.8,51.4%,0.1,-1.7,46.8%,-2.7,-2.5,39.0%,-3.9,-0.4
Maine,34.3%,-3.7,0.6,46.2%,-2.0,-3.4,15.8%,-11.2,0.0,46.9%,1.9,-3.0,36.7%,-5.0,0.7,28.2%,-8.5,-0.8,51.7%,3.4,-0.2,42.0%,-0.6,+0.1,38.7%,-3.1,-0.6
Manhattan,44.5%,-1.6,-0.4,49.9%,0.4,0.1,30.2%,-6.9,0.1,50.2%,0.4,-1.0,43.2%,-1.3,-0.3,37.6%,-4.2,-0.3,59.0%,3.4,-0.9,42.1%,-0.2,+2.6,47.2%,-0.6,-0.3
Marist,34.1%,-4.8,-0.1,48.5%,-0.6,0.1,25.2%,-7.8,0.2,38.8%,-3.4,-0.2,39.9%,-3.1,0.1,29.3%,-6.3,0.5,52.4%,0.7,-0.5,36.2%,-5.0,-0.5,40.1%,-3.1,0.0
Marquette,64.7%,4.4,0.0,62.5%,5.4,0.6,34.9%,-4.9,0.8,65.6%,6.1,0.2,65.9%,5.6,1.2,44.3%,-1.9,0.8,78.8%,11.2,0.2,56.5%,1.5,+0.5,64.2%,5.5,0.4
Marshall,49.0%,0.1,-0.3,52.7%,1.6,-1.0,22.5%,-8.6,-1.2,55.4%,5.5,-0.3,52.8%,0.7,-0.4,32.1%,-6.0,-1.6,71.2%,8.3,0.3,37.1%,-2.2,-0.2,51.8%,1.4,-0.6
Maryland,64.3%,4.9,0.0,65.3%,7.5,0.1,32.5%,-4.9,0.6,67.1%,8.3,0.9,61.3%,5.3,-0.6,43.2%,-1.9,0.2,81.5%,13.4,0.0,56.4%,3.3,-0.3,65.6%,7.1,0.0
Maryland BC,36.8%,-3.8,1.0,50.4%,-0.8,1.4,29.6%,-7.1,1.7,42.4%,-1.2,1.4,45.7%,-2.0,1.4,31.3%,-6.5,1.4,55.7%,2.3,0.9,45.5%,-1.3,+1.4,42.8%,-2.4,1.1
Maryland ES,27.9%,-9.4,-0.3,33.8%,-6.4,-1.6,15.2%,-14.8,-1.0,36.1%,-6.2,0.3,26.5%,-8.7,-0.7,17.4%,-14.9,-0.4,47.2%,0.1,-0.3,22.2%,-8.7,-2.2,28.8%,-8.9,-0.7
Mass Lowell,50.3%,0.4,1.2,45.9%,0.0,-0.7,30.3%,-6.8,1.1,65.4%,9.7,0.3,42.4%,-1.7,0.5,35.1%,-4.8,0.7,61.7%,6.6,-0.7,66.7%,-1.4,+3.4,48.1%,0.5,0.2
McNeese St,42.0%,-1.0,-0.9,49.9%,0.8,0.2,17.5%,-10.7,0.0,56.7%,6.5,2.5,39.7%,-3.4,-0.8,26.5%,-8.3,0.8,66.2%,8.2,-1.9,37.5%,-3.1,-1.4,44.8%,-0.6,-0.4
Memphis,67.5%,6.4,0.2,70.5%,7.9,0.7,33.2%,-4.4,1.2,68.6%,6.7,-0.9,70.5%,8.4,1.6,54.4%,1.5,0.8,83.6%,13.4,1.1,55.6%,1.8,-0.7,70.0%,7.8,0.7
Mercer,46.8%,0.0,0.1,51.1%,0.4,-0.1,25.7%,-6.2,0.5,54.2%,3.3,2.4,48.6%,-0.2,-0.5,35.3%,-5.3,0.4,66.0%,7.2,0.2,39.5%,-3.0,-2.0,49.2%,0.5,-0.1
Mercyhurst,100.0%,5.0,12.5,,,,50.0%,-6.0,7.3,,,,50.0%,-6.0,7.3,33.3%,-9.7,7.3,,,,0.0%,-22.0,--,25.0%,-12.8,7.3
Merrimack,51.6%,0.2,-0.9,60.3%,1.5,1.1,30.2%,-8.3,0.3,55.6%,4.4,-2.4,54.8%,0.1,-0.4,46.0%,-3.7,1.3,69.7%,6.3,-1.1,33.3%,-2.0,-1.0,56.2%,0.8,0.2
Miami,55.0%,1.2,-0.1,61.7%,5.0,0.7,34.7%,-4.3,1.8,60.9%,4.5,0.1,60.1%,3.8,1.0,44.4%,-1.6,1.5,72.1%,8.8,-0.3,58.0%,2.2,0.0,60.3%,4.1,0.4
Miami (OH),48.2%,0.1,0.3,47.8%,-0.1,-0.7,28.8%,-6.3,0.7,52.6%,2.0,-0.8,43.9%,-1.4,-0.3,30.0%,-5.3,0.0,66.7%,5.6,-0.4,44.1%,-1.9,-0.3,47.9%,0.0,-0.2
Michigan,55.3%,2.0,0.6,60.7%,4.2,0.4,30.8%,-6.2,0.6,61.0%,4.0,-0.2,59.4%,4.1,1.2,36.1%,-5.0,-0.7,74.7%,9.6,0.4,59.0%,4.0,+2.8,59.4%,3.9,0.5
Michigan St,71.5%,8.7,1.1,71.9%,8.4,0.4,35.3%,-4.2,0.7,70.4%,9.2,0.3,68.7%,6.7,-0.2,54.0%,1.9,-0.1,87.4%,15.5,1.2,63.8%,4.1,+0.1,71.7%,8.7,0.5
Middle Tenn,51.3%,0.7,-0.2,59.1%,2.9,0.7,29.4%,-7.1,0.1,62.4%,6.8,0.3,54.8%,1.3,-0.1,41.7%,-3.5,-0.3,72.4%,9.1,1.0,46.0%,-1.6,-0.3,56.5%,2.6,0.3
Minnesota,42.7%,-1.7,-0.7,60.0%,4.2,-0.3,25.8%,-7.0,-0.2,56.8%,3.7,0.7,53.6%,1.1,-1.3,25.8%,-7.0,-1.1,71.7%,8.4,0.2,49.1%,-1.4,-0.9,53.5%,2.0,-0.4
Miss State,53.8%,1.2,0.9,60.9%,5.1,0.3,29.9%,-6.0,0.6,68.8%,6.8,0.7,52.7%,2.1,0.4,35.2%,-4.0,-0.1,75.3%,9.8,0.9,54.8%,1.8,+0.7,58.8%,4.0,0.5
Miss Val St,24.0%,-11.9,-0.5,51.2%,0.2,-1.8,9.4%,-19.5,-1.2,24.2%,-11.5,0.1,36.6%,-6.3,-1.6,17.5%,-15.6,-2.3,56.2%,2.6,1.2,31.3%,-7.4,0.0,31.7%,-8.8,-1.2
Mississippi,51.5%,0.7,-0.6,60.3%,4.2,-0.6,27.3%,-6.4,-0.3,58.4%,3.8,0.4,55.7%,2.4,-0.9,34.6%,-4.6,-0.5,74.6%,9.6,-0.1,53.3%,0.2,-2.3,57.7%,3.3,-0.6
Missouri,50.0%,0.3,-0.7,58.7%,4.6,-0.2,24.4%,-7.8,-0.8,62.4%,6.2,-0.2,52.0%,1.0,-0.9,29.4%,-6.5,-1.8,75.0%,10.4,0.5,47.5%,-0.7,-0.4,56.0%,3.2,-0.5
Missouri St,55.5%,2.1,0.1,54.7%,3.1,0.0,27.5%,-5.9,0.2,63.5%,6.5,1.0,54.0%,2.0,-0.1,37.8%,-3.2,-0.4,71.8%,8.5,0.5,46.6%,0.2,+0.4,55.2%,2.8,0.1
Monmouth,41.4%,-4.4,-0.7,52.9%,0.2,0.3,28.9%,-8.8,0.0,45.6%,-2.7,0.3,47.7%,-1.7,0.0,36.1%,-5.6,-0.4,57.8%,1.7,-0.1,48.6%,-3.6,-0.3,46.4%,-2.3,-0.3
Montana,56.8%,3.2,0.9,61.6%,3.7,-0.5,28.3%,-7.3,-0.3,69.3%,8.4,1.6,56.3%,1.9,-0.6,43.0%,-2.6,0.1,75.7%,10.0,0.1,52.8%,-0.9,-1.8,59.2%,3.4,-0.1
Montana St,48.6%,0.5,-0.6,52.8%,0.8,-0.4,26.2%,-7.3,0.1,55.8%,6.1,-1.0,50.4%,-0.8,-0.3,30.9%,-6.4,-0.4,69.4%,7.6,-0.8,50.7%,-0.4,+0.2,50.0%,0.4,-0.5
Morehead St,48.4%,1.3,0.5,55.2%,1.2,0.2,24.4%,-9.1,0.2,62.7%,8.9,0.1,48.8%,-1.3,0.2,33.7%,-6.2,0.1,70.3%,9.0,0.0,58.6%,1.2,+1.0,51.7%,1.1,0.2
Morgan St,37.2%,-4.8,-0.8,49.4%,0.4,-1.8,20.0%,-11.2,-1.7,43.6%,-0.7,0.1,44.9%,-2.7,-1.7,27.0%,-8.9,-1.6,61.5%,5.3,-0.4,43.6%,-2.4,-2.1,41.8%,-2.9,-1.4
Mt St Marys,39.7%,-3.5,0.4,47.2%,-0.1,0.2,27.9%,-7.8,0.6,36.8%,-3.9,-0.7,47.1%,-1.2,0.2,29.9%,-6.8,0.0,58.1%,3.3,0.1,38.7%,-6.1,-4.1,41.9%,-2.6,-0.2
Murray St,68.4%,7.5,0.9,69.3%,7.6,0.2,29.1%,-5.1,0.2,69.2%,10.6,-0.8,70.4%,7.1,0.4,56.4%,2.3,0.5,85.4%,14.8,0.9,52.9%,1.5,-1.5,69.4%,8.0,0.4
N Alabama,37.1%,-3.3,-1.6,50.6%,2.4,2.3,24.8%,-9.1,0.8,60.4%,11.4,0.4,39.6%,-4.0,-0.1,25.2%,-9.3,0.0,65.4%,10.1,0.2,37.5%,-3.6,+3.2,42.3%,-1.1,0.2
N Arizona,42.5%,-2.1,-0.7,49.6%,0.5,-0.1,22.7%,-9.7,-0.6,59.5%,5.9,-2.1,39.5%,-3.5,-0.6,30.4%,-7.8,-0.2,63.0%,6.8,-0.9,41.7%,-2.3,-0.5,45.3%,-1.1,-0.5
N Carolina,68.1%,8.2,1.4,73.2%,9.5,0.3,30.1%,-5.8,0.0,71.2%,9.3,0.3,71.5%,8.2,0.4,58.9%,3.0,0.0,83.3%,14.4,0.4,70.2%,7.9,+1.2,72.5%,9.3,0.5
N Colorado,43.1%,-0.9,0.1,53.6%,2.2,0.2,24.8%,-7.1,1.0,57.3%,6.5,0.0,46.5%,-1.1,-0.2,30.9%,-6.2,1.3,65.7%,7.2,-1.5,48.3%,0.1,+0.5,47.6%,0.2,0.1
N Dakota St,62.1%,5.5,0.9,60.1%,4.8,-0.1,26.2%,-7.4,0.3,69.4%,11.1,1.7,59.2%,3.4,-0.3,39.1%,-2.9,0.0,80.5%,13.7,0.3,64.9%,3.0,+1.7,59.5%,4.7,0.3
N Florida,37.4%,-4.4,1.1,50.8%,-0.8,1.0,27.2%,-10.4,1.5,50.0%,1.3,1.2,42.5%,-3.6,1.1,25.6%,-10.5,0.0,63.6%,6.2,3.2,44.8%,-2.6,-0.2,42.3%,-3.2,1.1
N Hampshire,39.2%,-3.4,0.6,35.2%,-4.9,-1.6,26.0%,-8.3,0.6,46.8%,1.9,1.2,37.2%,-5.0,-0.5,26.4%,-8.4,-0.3,53.0%,2.6,-0.5,31.0%,-5.3,-2.8,38.5%,-3.4,-0.4
N Illinois,36.6%,-3.1,-0.1,39.4%,-2.6,0.0,21.7%,-8.6,0.1,47.2%,0.4,-0.6,35.5%,-4.1,-0.1,24.3%,-8.0,0.6,52.6%,2.4,-0.8,32.6%,-4.0,-3.0,37.8%,-3.0,-0.2
N Iowa,50.9%,1.2,-0.5,60.5%,3.2,0.3,33.6%,-4.9,1.0,61.0%,6.3,0.1,56.2%,1.3,-0.1,38.9%,-2.9,-0.2,73.4%,7.9,-0.4,52.9%,0.9,+1.3,56.8%,2.6,-0.1
N Kentucky,53.9%,2.9,1.7,58.1%,2.9,0.3,30.1%,-6.4,1.3,59.6%,7.9,1.6,55.5%,1.1,0.0,41.0%,-2.8,0.8,73.0%,9.5,0.8,41.9%,-2.0,-0.6,55.8%,2.9,0.7
N Mex State,58.6%,3.7,0.1,66.1%,6.2,0.0,26.7%,-6.6,0.1,69.7%,10.5,-0.6,63.7%,4.7,0.2,44.7%,-1.8,-0.3,80.4%,12.1,0.0,60.2%,3.3,+1.5,63.8%,5.5,0.1
NC A&T,32.1%,-7.0,0.2,46.3%,-1.0,-0.3,23.5%,-10.5,0.4,47.2%,0.1,0.2,36.0%,-5.3,-0.9,20.2%,-11.9,-1.0,61.0%,4.8,0.7,37.2%,-3.7,-0.2,37.3%,-4.8,-0.3
NC Central,43.0%,0.0,2.6,63.2%,6.3,1.2,17.0%,-10.8,0.7,56.7%,11.6,3.4,54.4%,0.1,0.9,31.9%,-8.3,0.5,77.8%,16.5,3.1,58.8%,4.4,+2.3,51.9%,2.3,1.4
NC State,58.5%,2.3,0.7,56.4%,3.9,-0.1,29.6%,-6.0,0.8,59.7%,4.7,-0.4,57.0%,3.1,0.6,35.5%,-4.5,0.3,72.4%,9.5,-0.3,55.6%,1.1,+2.2,58.2%,3.8,0.3
NC-Asheville,46.4%,-2.3,-0.3,57.9%,2.8,0.0,24.0%,-10.3,-0.4,59.6%,5.7,0.1,51.1%,-1.1,-0.3,34.6%,-7.9,-1.6,71.7%,9.0,0.9,45.8%,-0.9,+0.7,51.6%,0.0,-0.3
NC-Grnsboro,43.8%,-2.0,-0.1,55.1%,1.9,0.6,24.6%,-8.5,0.6,54.3%,3.5,0.6,49.8%,-0.2,0.4,35.9%,-5.7,0.9,63.2%,6.0,-0.1,52.6%,-0.5,-0.7,49.6%,0.0,0.3
NC-Wilmgton,46.4%,-1.0,-0.1,58.1%,1.8,0.4,27.1%,-7.9,0.1,53.7%,3.1,-0.4,52.1%,-0.2,0.2,36.5%,-5.3,-0.4,69.2%,7.0,0.3,56.0%,1.2,+2.0,52.5%,0.6,0.2
NJIT,34.6%,-4.8,-0.8,44.6%,-1.2,-1.3,26.1%,-9.0,0.2,47.3%,2.9,-1.1,31.8%,-6.1,-1.4,24.6%,-10.2,0.5,52.8%,3.8,-2.5,25.0%,-6.9,-10.5,37.6%,-3.6,-1.1
NW State,40.1%,-4.2,-0.1,54.3%,0.2,1.0,18.6%,-12.5,-0.2,52.8%,1.9,-2.6,47.2%,-2.2,0.9,32.0%,-8.9,0.3,64.2%,5.9,0.7,44.2%,-3.0,-1.8,46.7%,-2.1,0.1
Navy,41.7%,-2.2,0.5,53.2%,1.7,-0.1,24.6%,-7.9,0.6,52.0%,2.9,1.4,46.2%,-1.3,0.7,35.8%,-5.0,1.2,58.1%,4.1,-0.7,43.3%,-1.7,+1.0,46.9%,-0.5,0.4
Neb Omaha,41.6%,-3.3,-0.9,45.0%,-2.4,-0.2,24.0%,-10.3,-0.5,53.9%,2.9,-2.5,44.9%,-3.1,0.7,25.4%,-10.3,-0.9,63.0%,5.3,-0.3,45.2%,-1.0,+1.6,41.9%,-3.3,-0.5
Nebraska,42.5%,-1.5,0.3,53.2%,1.2,-0.5,25.1%,-8.5,-0.5,47.8%,0.6,-0.6,49.6%,0.3,-0.1,21.8%,-9.3,-1.3,68.9%,7.7,0.8,44.0%,-1.7,+0.4,49.3%,0.5,-0.1
Nevada,54.3%,1.8,1.4,64.4%,4.4,0.6,31.8%,-5.5,1.1,66.7%,5.9,0.6,59.5%,2.7,0.6,45.1%,-2.2,1.1,76.1%,8.9,0.7,55.7%,2.4,+0.4,61.1%,3.7,0.8
New Mexico,53.3%,2.0,-0.8,64.7%,6.0,0.6,24.4%,-6.9,-0.3,66.7%,7.5,-0.8,59.3%,3.6,0.0,39.5%,-2.9,-0.3,79.4%,11.6,1.0,50.4%,0.2,-2.0,61.5%,5.0,0.1
New Orleans,43.7%,-1.3,-0.6,45.7%,-2.2,-0.9,19.7%,-10.3,-0.8,55.8%,3.6,0.3,43.0%,-2.2,-1.3,26.4%,-9.1,-0.9,65.7%,6.9,-0.3,42.4%,-2.2,-1.6,45.0%,-1.5,-0.7
Niagara,49.2%,-1.2,0.1,49.8%,-0.2,0.0,31.4%,-6.3,0.8,52.3%,0.6,0.7,49.3%,-0.8,-0.1,38.0%,-4.6,0.4,61.8%,3.4,-0.3,50.0%,0.0,-0.1,49.3%,-0.7,0.0
Nicholls,38.4%,-4.5,0.2,50.7%,-0.5,-0.9,17.8%,-13.0,-0.4,49.8%,1.6,-0.9,44.1%,-3.8,-0.6,26.4%,-10.9,-0.2,65.9%,7.2,0.5,36.5%,-5.4,-1.7,43.2%,-3.1,-0.3
Norfolk St,45.1%,-2.0,1.4,57.6%,1.7,0.7,23.3%,-10.5,0.2,54.2%,2.8,1.3,53.3%,0.2,1.0,36.3%,-6.2,0.4,72.3%,8.9,4.4,48.2%,-3.0,-0.9,51.3%,-0.2,1.0
North Dakota,42.1%,-1.9,-1.2,45.0%,-1.7,1.0,25.5%,-8.4,-0.1,57.7%,5.4,-0.5,44.2%,-2.7,0.3,25.6%,-9.2,-0.4,60.4%,6.3,-0.7,57.1%,-0.2,+1.7,43.3%,-1.8,-0.2
North Texas,44.3%,-2.6,-0.5,55.4%,2.1,0.6,26.1%,-8.9,0.4,57.6%,4.9,-1.0,48.2%,-1.6,0.1,33.6%,-7.3,0.2,66.5%,7.3,-0.2,54.0%,1.0,+0.4,51.2%,0.4,0.1
Northeastrn,45.5%,-1.3,-1.2,52.4%,0.8,0.4,29.4%,-6.6,0.1,47.5%,0.0,0.1,49.2%,-0.5,-0.8,37.8%,-4.3,0.0,61.9%,4.3,-1.1,51.5%,0.4,+0.5,49.0%,-0.3,-0.3
Northwestern,41.7%,-2.5,0.1,51.9%,1.5,0.0,23.7%,-8.4,0.1,48.1%,1.0,-0.2,45.8%,-1.1,-0.1,26.2%,-8.0,0.5,62.3%,5.4,-0.4,44.9%,-1.4,+0.2,47.6%,-0.1,0.0
Notre Dame,56.0%,2.2,-0.2,62.9%,6.0,0.3,32.0%,-4.6,1.5,63.6%,6.0,0.7,57.4%,4.3,-0.2,39.5%,-2.6,0.9,77.7%,10.8,-0.6,50.4%,1.1,+0.2,61.3%,5.1,0.1
Oakland,49.3%,-0.5,-0.6,57.8%,2.2,0.2,27.1%,-8.1,0.3,60.7%,4.8,0.7,54.8%,1.1,0.0,39.9%,-4.5,0.5,70.6%,7.3,-1.3,48.8%,1.5,+0.8,53.5%,1.0,-0.2
Ohio,60.6%,2.7,0.7,53.7%,2.2,-0.5,30.9%,-6.4,-0.1,63.7%,6.4,0.4,57.4%,2.0,0.3,37.3%,-3.7,-0.9,76.8%,9.3,1.1,51.0%,-0.6,0.0,57.4%,2.8,0.1
Ohio St,59.5%,4.0,-0.1,69.5%,8.2,0.9,32.8%,-5.2,0.6,65.2%,6.8,0.2,66.8%,7.0,0.5,45.1%,-1.8,-0.2,81.5%,13.8,0.9,63.3%,3.8,+1.2,67.3%,7.3,0.6
Oklahoma,55.5%,2.8,-0.4,67.0%,6.6,0.6,31.3%,-5.4,0.4,70.1%,8.2,0.3,60.7%,4.2,-0.1,41.1%,-3.1,-0.8,81.5%,12.8,1.2,56.9%,2.4,-0.1,64.0%,5.8,0.3
Oklahoma St,55.0%,2.6,0.7,63.5%,6.2,0.1,26.2%,-6.4,-0.2,61.2%,7.4,-0.2,59.4%,4.2,0.3,38.4%,-2.7,-0.3,77.8%,11.9,0.9,58.2%,2.3,+0.4,61.4%,5.4,0.4
Old Dominion,54.0%,2.4,0.4,61.1%,3.8,-0.8,26.9%,-5.9,-0.2,59.0%,3.9,0.2,58.9%,3.1,-0.6,44.3%,-1.4,-0.3,73.6%,8.4,0.2,46.2%,-1.1,-2.1,58.5%,3.3,-0.3
Oral Roberts,52.9%,3.3,-0.2,59.7%,3.9,0.4,19.2%,-8.3,-0.1,59.7%,6.9,-2.3,57.3%,2.8,0.3,38.7%,-2.9,0.0,76.8%,11.2,0.7,50.5%,0.9,-1.1,56.2%,3.5,0.0
Oregon,56.8%,2.9,0.1,66.6%,5.5,0.7,36.1%,-5.0,1.2,71.7%,9.2,1.3,58.0%,2.8,0.2,45.4%,-2.7,-0.3,78.3%,11.1,1.1,57.5%,1.7,+0.5,64.1%,5.1,0.5
Oregon St,37.0%,-4.3,-0.6,49.2%,1.2,0.1,23.1%,-8.5,0.2,56.2%,4.0,-0.1,38.1%,-4.0,-0.2,22.6%,-8.1,-0.4,59.3%,3.7,-0.4,41.6%,-2.6,-0.3,43.6%,-1.4,-0.4
Pacific,49.2%,-0.5,-0.7,54.2%,1.8,-0.2,23.8%,-8.6,-0.5,56.9%,3.8,-2.1,51.6%,0.4,0.2,39.5%,-4.1,-0.1,65.6%,6.1,-0.4,48.0%,-1.8,-1.8,52.5%,0.9,-0.4
Penn St,42.3%,-2.3,0.3,51.6%,0.7,0.5,25.9%,-7.5,0.7,47.8%,1.1,0.4,46.3%,-1.3,0.1,25.0%,-8.0,0.1,63.9%,5.1,0.5,48.8%,-0.7,+0.7,48.1%,-0.3,0.4
Pepperdine,40.5%,-2.8,-0.5,48.2%,-0.9,-0.3,21.9%,-9.4,0.0,48.2%,1.2,0.1,42.8%,-2.7,-0.7,29.9%,-6.9,-0.3,56.8%,2.2,-1.5,49.6%,1.3,+2.1,44.3%,-1.9,-0.5
Pittsburgh,51.3%,0.7,0.0,68.3%,7.1,0.2,31.0%,-6.1,0.7,64.3%,6.3,-0.2,62.3%,4.4,0.1,43.9%,-1.9,1.0,76.0%,10.2,-0.7,58.9%,3.3,+0.6,63.2%,5.3,0.1
Portland,35.7%,-4.4,-0.1,43.1%,-2.5,-1.6,18.9%,-10.8,-0.9,53.9%,2.0,0.0,34.0%,-5.1,-0.8,24.2%,-9.3,-0.5,54.4%,2.4,-1.1,33.3%,-4.9,+0.8,39.7%,-3.2,-0.7
Portland St,47.3%,0.6,-0.4,52.4%,2.0,0.3,27.3%,-7.1,0.7,59.1%,7.7,-1.4,45.1%,-1.7,-0.3,30.7%,-6.2,0.1,69.8%,9.1,-0.4,48.3%,-0.7,+0.5,49.6%,1.1,0.0
Prairie View,32.0%,-7.9,-0.2,48.2%,-1.2,1.0,18.1%,-11.6,1.0,44.3%,-3.0,-1.1,40.1%,-4.2,0.8,21.8%,-12.7,0.0,63.1%,5.2,0.8,36.2%,-3.7,+1.7,38.3%,-5.4,0.5
Presbyterian,32.8%,-4.6,0.3,31.5%,-4.3,-2.5,16.8%,-10.1,-0.3,48.5%,5.0,0.6,29.0%,-7.9,-0.9,17.0%,-12.2,-0.8,51.8%,4.5,0.2,22.6%,-8.2,-2.9,31.7%,-5.1,-0.8
Princeton,51.7%,1.5,-0.5,68.9%,6.6,1.1,29.0%,-6.0,1.2,61.9%,6.8,0.1,63.4%,4.1,0.3,52.4%,0.6,0.9,76.3%,10.1,-0.2,48.6%,-0.8,-0.3,62.5%,4.6,0.3
Providence,50.9%,0.8,-0.2,58.2%,3.2,0.8,33.7%,-4.8,1.6,56.6%,3.0,0.0,55.6%,2.0,-0.1,39.8%,-3.1,1.4,71.3%,7.7,0.2,38.3%,-3.3,-1.6,56.2%,2.6,0.4
Purdue,61.2%,5.2,1.0,66.4%,6.8,0.0,28.4%,-6.1,-0.1,69.6%,8.5,0.7,61.2%,5.6,-0.3,45.1%,-1.2,-0.5,82.1%,13.9,1.7,57.8%,2.6,-0.9,65.5%,6.8,0.4
Queens,56.3%,0.4,0.4,40.6%,1.7,-0.5,24.3%,-7.5,-0.8,75.0%,15.2,1.5,47.4%,-0.6,0.3,25.0%,-7.3,-1.5,71.4%,11.4,1.0,71.4%,5.6,+5.6,47.9%,1.3,-0.1
Quinnipiac,45.1%,-1.4,-0.7,53.4%,1.1,0.0,31.4%,-5.5,0.8,47.8%,0.4,-1.1,48.7%,-0.8,-0.9,39.0%,-3.9,-0.3,60.9%,3.6,-0.5,36.0%,-3.5,+0.3,49.0%,-0.4,-0.3
Radford,49.1%,0.0,0.4,53.4%,0.5,-1.1,28.4%,-7.5,1.5,57.4%,3.2,-1.3,48.0%,-1.3,0.0,35.2%,-6.2,0.9,68.3%,6.9,-2.8,51.5%,0.2,+0.8,51.0%,0.0,-0.4
Rhode Island,46.7%,-1.0,-0.5,54.0%,1.4,-0.7,25.2%,-7.5,-0.2,50.2%,0.6,-1.4,50.6%,0.4,-0.5,37.0%,-3.7,0.2,64.5%,4.6,-1.4,48.5%,-0.3,-0.1,51.4%,0.6,-0.5
Rice,39.7%,-3.1,0.3,42.9%,-1.5,-1.3,20.7%,-9.4,-0.5,56.0%,4.2,0.3,36.0%,-4.3,-0.6,26.6%,-9.0,-0.6,55.4%,3.6,-0.3,36.6%,-2.3,+0.4,41.8%,-2.1,-0.4
Richmond,59.5%,2.7,1.1,54.8%,1.9,-0.1,32.5%,-5.5,1.0,61.3%,4.0,0.7,58.4%,2.5,0.2,43.1%,-2.2,0.6,70.7%,6.9,-0.2,54.6%,1.1,+0.9,57.7%,2.5,0.3
Rider,51.5%,-0.1,-0.5,54.9%,0.9,0.2,31.7%,-6.2,0.6,52.8%,1.3,0.1,53.2%,0.0,0.0,41.5%,-3.1,0.9,65.7%,4.3,-1.2,53.9%,0.4,-0.6,52.8%,0.3,-0.1
Rob Morris,48.2%,-0.9,0.2,53.6%,1.4,-0.4,23.2%,-8.6,0.0,44.6%,0.7,-1.8,53.2%,0.6,0.3,39.2%,-4.2,0.0,64.0%,5.2,-0.9,52.9%,-0.1,+2.4,50.5%,0.0,-0.2
Rutgers,39.9%,-3.4,-0.7,51.3%,1.5,0.0,23.4%,-8.5,-0.3,47.1%,0.4,-0.2,46.6%,-1.3,-1.0,23.0%,-8.8,-0.7,62.8%,5.2,0.0,38.2%,-4.1,-2.2,46.3%,-0.7,-0.5
S Alabama,51.4%,0.8,0.0,54.1%,1.2,-0.2,29.1%,-6.8,0.4,59.8%,6.0,-0.5,49.8%,-0.6,0.2,35.7%,-5.3,-0.1,69.3%,7.1,-0.2,50.0%,0.4,+1.3,53.4%,1.3,0.0
S Car State,39.6%,-5.6,-0.7,49.4%,-1.4,1.5,16.7%,-12.6,1.0,46.5%,-2.9,-0.1,45.8%,-2.4,0.8,28.5%,-10.1,-0.6,63.8%,4.7,1.8,42.7%,-2.8,+1.2,43.4%,-3.8,0.3
S Carolina,48.6%,-0.5,-0.2,54.7%,2.2,-0.5,29.3%,-7.1,0.2,53.0%,2.3,-2.1,51.9%,0.6,-0.1,33.0%,-5.6,0.2,66.7%,6.5,-1.0,52.0%,-0.3,+0.1,53.0%,1.4,-0.4
S Dakota St,54.4%,1.8,2.1,64.6%,5.9,1.1,30.7%,-5.8,1.0,65.8%,8.0,1.7,61.0%,3.5,1.1,38.4%,-4.0,0.5,80.5%,12.2,3.0,60.2%,2.5,-0.4,59.1%,3.7,1.3
S Florida,36.5%,-4.0,-0.7,49.9%,0.8,0.1,22.1%,-8.2,0.1,41.4%,-2.3,-1.2,43.4%,-1.7,-0.5,27.8%,-6.4,0.7,55.7%,2.2,-1.4,43.5%,-0.8,+0.9,43.6%,-1.5,-0.3
S Illinois,54.7%,1.0,-0.4,58.1%,2.2,-0.1,29.8%,-6.2,-0.3,61.1%,3.8,-0.3,53.1%,0.8,-0.2,42.0%,-2.9,-0.3,73.8%,7.0,0.1,43.8%,-0.8,-0.8,56.9%,1.9,-0.2
S Indiana,37.5%,-0.5,-1.5,37.5%,-2.3,-2.0,24.4%,-6.5,1.9,62.5%,9.7,0.2,27.3%,-4.6,-1.5,24.2%,-7.0,0.6,50.0%,5.9,-1.9,25.0%,-10.0,-10.5,35.8%,-1.4,-1.1
S Methodist,51.9%,1.3,-0.5,57.3%,4.5,-0.4,19.3%,-8.1,-0.7,62.7%,6.5,0.1,50.9%,1.5,-0.4,39.2%,-3.0,-0.3,70.4%,8.9,0.0,43.9%,0.2,-2.8,55.8%,3.5,-0.4
S Mississippi,42.5%,-2.1,-0.8,57.2%,2.7,0.0,23.1%,-8.9,-0.7,61.1%,5.6,-1.5,47.9%,-1.1,-0.1,30.1%,-6.9,-1.0,70.2%,8.1,0.5,51.5%,-0.5,-0.8,51.6%,1.0,-0.3
S Utah,39.2%,-2.9,-0.1,46.2%,-0.9,-1.0,20.9%,-9.9,-0.5,53.0%,3.6,-0.4,39.2%,-4.0,-0.4,23.3%,-8.9,0.3,61.6%,5.5,-1.4,47.0%,-2.4,+0.2,42.1%,-2.0,-0.4
SC Upstate,36.1%,-2.8,-0.1,44.2%,-1.3,0.6,23.4%,-9.2,0.8,46.3%,3.1,0.5,35.3%,-4.9,-0.7,24.6%,-9.3,0.6,54.9%,5.1,-0.2,37.9%,-4.0,-1.1,38.4%,-2.8,0.1
SE Louisiana,42.1%,-2.3,0.6,48.8%,-0.5,-0.6,26.5%,-9.6,0.2,58.8%,6.3,1.7,43.5%,-3.3,-0.4,28.6%,-8.4,0.3,66.4%,7.2,-0.6,39.3%,-1.6,+0.3,45.5%,-1.2,0.0
SE Missouri,38.6%,-2.7,-0.8,44.9%,-0.8,0.4,18.9%,-9.3,-0.2,56.0%,4.6,1.1,37.3%,-3.9,-0.5,26.2%,-7.7,0.1,55.3%,3.4,-1.2,50.8%,0.2,+0.9,41.0%,-2.2,-0.3
SIU Edward,32.5%,-5.8,-0.2,36.1%,-4.4,-1.0,22.7%,-9.4,0.1,40.5%,-0.1,-1.9,32.0%,-6.6,-0.7,19.2%,-12.4,-0.8,48.0%,1.2,-0.2,43.8%,-1.2,+0.9,33.3%,-5.8,-0.4
Sac State,34.0%,-5.5,-0.8,38.2%,-3.3,-0.3,21.0%,-9.8,-0.5,45.7%,0.5,-2.5,34.2%,-5.3,0.2,19.1%,-11.3,-0.7,53.3%,2.7,-0.6,38.9%,-2.5,+0.5,35.8%,-4.5,-0.6
Sacred Hrt,39.4%,-3.4,0.8,40.2%,-2.2,-2.0,24.6%,-8.7,-0.5,35.4%,-3.4,0.6,41.1%,-2.6,0.0,28.3%,-7.1,-0.6,52.8%,1.6,-1.0,42.3%,-3.2,+2.7,39.2%,-3.3,-0.5
Saint Louis,55.0%,0.4,-0.1,55.7%,2.3,0.4,30.2%,-6.6,0.6,54.7%,2.2,0.1,55.2%,1.2,-0.7,33.8%,-5.6,-0.7,72.6%,7.2,0.6,50.0%,0.2,+0.7,56.1%,1.8,0.1
Sam Hous St,63.7%,6.0,0.2,59.1%,3.9,1.4,30.6%,-8.4,0.0,69.7%,12.9,-1.2,58.8%,2.6,1.3,43.9%,-3.2,0.6,80.3%,14.1,2.1,51.9%,0.8,+0.6,60.9%,4.9,1.0
Samford,47.7%,-0.2,-0.8,52.1%,1.3,0.0,23.7%,-8.7,-0.4,59.6%,5.8,-1.7,49.0%,-0.8,-0.5,33.9%,-5.8,-0.8,67.1%,7.5,-0.1,49.3%,-0.9,-0.6,49.8%,0.5,-0.5
San Diego,45.3%,-1.5,0.2,49.4%,0.1,0.1,26.6%,-7.9,0.9,55.8%,3.6,-0.2,44.9%,-2.0,0.1,36.8%,-5.2,1.6,58.0%,3.7,-0.8,43.2%,-1.8,-1.4,47.5%,-0.6,0.2
San Diego St,60.1%,3.1,0.0,67.5%,6.1,0.8,29.6%,-6.6,0.2,69.4%,8.5,0.8,64.8%,4.6,0.9,47.5%,-1.4,0.2,78.8%,10.8,0.5,66.2%,4.0,+1.3,65.6%,5.4,0.5
San Francisco,51.5%,0.5,0.1,53.8%,2.3,0.3,24.7%,-8.0,0.2,67.9%,8.5,1.5,49.1%,-0.3,-0.1,39.5%,-4.1,0.7,66.3%,6.7,-0.6,44.6%,0.9,+1.0,53.0%,1.7,0.1
San Jose St,26.1%,-8.1,-1.3,37.5%,-3.5,-0.1,17.5%,-11.1,-0.7,45.0%,-1.3,-1.0,24.4%,-8.7,-1.2,17.4%,-11.8,-0.7,44.0%,-1.0,-1.2,28.4%,-5.9,-1.0,30.7%,-6.3,-0.9
Santa Clara,48.9%,-0.7,-0.7,53.8%,0.5,0.1,29.1%,-7.9,0.0,61.5%,5.3,-1.1,49.3%,-1.3,-0.2,40.3%,-5.0,0.2,63.3%,4.6,-1.1,42.7%,-0.6,+1.5,52.3%,0.4,-0.3
Seattle,50.0%,2.0,1.6,52.1%,1.2,-0.1,24.3%,-7.7,-0.3,57.0%,5.6,-1.2,50.0%,0.2,1.1,30.9%,-6.2,0.2,66.8%,7.2,0.4,53.5%,2.2,+2.3,50.3%,1.0,0.6
Seton Hall,50.3%,0.8,-0.4,59.3%,3.0,0.5,32.4%,-5.5,0.9,53.8%,2.3,-0.1,57.1%,2.0,-0.5,38.4%,-3.3,1.0,70.8%,7.6,-0.2,50.4%,-0.6,-0.7,56.5%,2.6,0.2
Siena,47.5%,-0.8,0.6,58.4%,1.8,-0.2,30.9%,-6.1,0.9,58.9%,2.1,1.6,52.4%,0.0,-0.1,40.4%,-2.7,0.4,67.0%,4.1,-0.2,45.7%,-1.4,+0.5,53.2%,0.6,0.2
South Dakota,48.1%,1.3,0.8,55.4%,1.8,-0.5,27.8%,-7.6,0.3,63.5%,7.8,-1.0,43.6%,-2.5,-0.3,34.6%,-6.5,-0.3,70.1%,9.8,1.3,45.8%,-1.4,-2.2,51.5%,1.3,0.1
Southern,38.0%,-4.0,-0.6,56.0%,3.1,1.4,19.7%,-12.8,0.4,46.0%,1.4,-2.0,48.1%,-0.4,0.5,28.5%,-8.1,0.0,69.4%,8.6,3.4,33.9%,-4.5,-4.0,45.6%,-1.0,0.3
St Bonavent,49.2%,-1.0,-0.2,53.1%,1.3,-0.1,26.2%,-7.9,-0.4,52.5%,-0.4,-0.7,52.3%,1.0,0.3,36.6%,-4.5,-0.3,66.6%,5.2,-0.2,52.0%,0.2,+0.8,52.1%,0.5,-0.1
St Fran (PA),34.0%,-4.8,-0.2,44.7%,-2.0,-1.8,21.3%,-10.0,-0.9,36.0%,-2.9,0.6,39.2%,-3.7,-0.7,23.8%,-9.2,-0.5,54.2%,2.4,-1.2,20.0%,-12.2,-3.0,37.6%,-3.9,-0.8
St Johns,44.4%,-1.5,-0.2,58.4%,2.8,-0.2,27.5%,-7.1,0.4,56.4%,2.8,0.3,50.0%,0.7,0.3,32.2%,-5.2,0.5,66.5%,5.8,-0.5,53.7%,0.6,-0.3,53.1%,1.3,-0.1
St Josephs,49.1%,-0.2,0.0,56.0%,2.7,0.6,28.9%,-6.0,0.6,58.3%,2.9,0.4,50.5%,0.6,-0.1,41.6%,-1.6,1.0,66.1%,5.1,-0.4,50.7%,0.6,+0.1,53.4%,1.6,0.3
St Marys,57.4%,2.5,0.1,69.0%,8.1,0.4,24.9%,-8.8,-1.3,76.0%,11.4,0.8,62.8%,4.5,0.0,52.6%,1.1,1.1,78.8%,12.3,0.3,52.4%,0.5,-2.1,65.8%,6.7,0.3
St Peters,39.5%,-3.3,0.0,46.5%,-1.0,1.1,27.7%,-7.0,0.8,44.0%,-2.3,0.3,43.2%,-1.7,1.0,32.1%,-5.7,1.3,51.9%,1.0,-0.8,47.9%,-1.0,+1.7,41.8%,-2.5,0.5
St. Thomas,55.6%,4.6,2.3,50.0%,4.0,1.0,25.0%,-5.9,2.0,73.7%,17.2,-3.6,53.5%,2.6,3.8,28.9%,-5.0,-0.2,71.4%,13.9,2.9,70.0%,4.2,+5.8,51.6%,4.1,1.6
Stanford,57.4%,2.4,0.0,63.9%,6.2,0.4,29.9%,-6.2,0.0,64.2%,7.6,-0.7,62.4%,4.5,0.5,47.3%,-0.7,0.2,76.9%,10.9,0.8,52.5%,0.6,-1.0,62.6%,5.2,0.3
Ste F Austin,55.2%,3.4,-1.8,67.7%,7.7,0.4,23.6%,-8.5,-1.7,72.6%,11.8,0.7,60.3%,4.1,-0.7,48.4%,-0.7,-1.0,78.6%,13.4,-0.2,56.7%,2.9,+0.6,63.7%,6.4,-0.3
Stetson,37.2%,-4.7,0.3,41.6%,-3.2,-0.1,25.6%,-8.9,0.8,45.1%,-0.2,-2.2,39.2%,-4.3,1.3,25.9%,-9.9,0.1,56.6%,3.5,0.3,31.8%,-4.7,+0.5,39.9%,-3.7,0.2
Stonehill,28.6%,-5.3,0.4,31.6%,-10.7,-4.5,14.6%,-12.7,-1.8,46.2%,2.3,1.7,29.0%,-7.7,-2.4,15.4%,-13.5,-1.7,50.0%,1.0,-1.9,50.0%,-2.0,+1.3,29.2%,-7.8,-1.7
Stony Brook,47.1%,-1.0,1.3,54.2%,1.9,-0.5,27.1%,-7.6,0.9,51.5%,2.5,-2.0,52.3%,-0.5,0.8,38.5%,-4.5,0.3,63.3%,5.4,-0.6,47.7%,-1.2,+1.0,49.9%,0.1,0.0
Syracuse,62.2%,4.6,0.6,70.9%,6.9,-0.2,40.4%,-3.9,1.4,68.4%,7.4,-0.5,66.6%,5.8,0.2,53.7%,0.0,0.4,80.3%,11.6,-0.7,60.1%,2.8,+1.5,69.0%,6.7,0.1
TN Martin,34.3%,-5.1,-0.9,48.6%,-0.6,-1.1,20.6%,-11.0,-1.1,51.0%,4.0,-1.4,35.0%,-5.9,-0.7,25.2%,-10.0,-0.6,57.7%,4.4,-1.3,38.9%,-0.7,-2.3,40.1%,-3.2,-0.9
TN State,37.4%,-3.8,-0.4,45.1%,-1.4,-0.1,20.0%,-9.9,-0.1,45.5%,0.7,-1.3,41.8%,-2.6,0.5,24.6%,-8.6,-0.1,59.3%,4.0,-0.6,50.0%,0.6,-0.3,40.9%,-2.7,-0.3
TN Tech,48.0%,0.2,-0.2,49.3%,0.2,-0.9,22.2%,-9.4,-0.6,55.3%,7.6,-1.7,45.6%,-2.2,-0.2,29.8%,-7.6,-0.8,67.8%,8.4,-0.2,48.8%,1.5,-0.6,48.2%,0.2,-0.5
TX A&M-CC,46.4%,-0.1,0.9,55.1%,1.8,0.6,23.7%,-7.6,1.6,60.8%,6.4,-3.2,51.1%,0.3,1.2,36.5%,-5.4,1.8,68.0%,8.6,0.2,53.6%,0.6,-1.7,51.9%,1.3,0.6
TX A&M-Com,41.0%,-1.8,0.0,38.5%,-1.8,-2.8,26.1%,-9.7,0.1,63.6%,16.9,0.9,31.0%,-6.3,-2.2,27.9%,-10.3,0.0,52.0%,8.3,-2.8,40.0%,-4.0,-2.0,37.0%,-3.5,-1.1
TX Christian,41.3%,-2.4,-0.4,57.5%,4.3,-0.2,22.0%,-8.8,-0.7,54.9%,3.3,-1.4,46.4%,-0.6,-1.0,27.5%,-7.1,-0.7,66.7%,7.5,-0.3,49.5%,0.2,+0.5,50.9%,1.5,-0.3
TX El Paso,48.7%,0.7,-0.3,58.3%,3.3,0.0,24.7%,-6.8,0.0,60.5%,6.5,-0.7,52.9%,1.4,0.0,32.5%,-5.1,-0.7,71.4%,8.7,0.6,48.8%,-0.2,-0.5,55.1%,2.8,-0.1
TX Southern,36.9%,-4.7,1.4,61.5%,2.3,-1.3,17.7%,-12.5,1.5,43.9%,-2.1,-0.2,53.9%,0.3,0.0,31.9%,-8.2,0.4,71.4%,7.8,-1.4,50.0%,-0.5,+0.9,47.8%,-1.7,-0.1
TX-Arlington,47.7%,0.1,1.7,56.7%,3.1,0.1,30.3%,-6.1,2.5,62.3%,6.8,2.7,50.2%,0.0,-0.1,37.1%,-4.5,1.6,70.1%,8.5,-0.2,50.0%,0.8,+0.3,52.7%,1.7,0.8
TX-Pan Am,32.0%,-6.2,-0.4,44.4%,-0.9,-0.1,18.0%,-11.3,-0.5,51.8%,3.5,-0.8,29.8%,-7.7,-1.2,16.8%,-12.8,-1.2,59.2%,5.1,0.2,37.1%,-2.3,+0.6,36.9%,-4.1,-0.5
Tarleton St,52.9%,3.5,0.6,58.5%,5.2,1.9,32.3%,-6.5,1.7,72.5%,18.4,3.5,52.3%,-1.0,1.3,36.2%,-6.1,0.9,74.6%,15.1,0.9,55.6%,3.1,+3.9,54.9%,4.1,1.1
Temple,55.4%,2.4,0.3,61.8%,3.4,0.3,33.2%,-5.3,1.0,61.8%,3.1,-0.1,59.1%,3.0,0.3,49.7%,0.1,0.7,71.4%,6.6,-0.3,51.9%,0.7,+0.8,59.8%,3.1,0.3
Tennessee,64.5%,4.7,0.4,63.9%,6.2,0.4,37.2%,-3.7,1.9,68.0%,8.1,0.1,62.7%,4.7,0.5,45.9%,-1.0,0.1,80.7%,12.2,1.2,55.0%,2.0,-1.2,64.8%,6.1,0.4
Texas,65.6%,5.2,0.0,64.3%,6.5,0.0,32.7%,-4.7,0.8,66.5%,7.3,-0.4,62.8%,5.7,0.3,45.7%,-1.3,-0.4,81.3%,13.3,0.5,56.3%,2.2,-0.4,65.3%,6.6,0.0
Texas A&M,45.9%,-1.9,-1.0,61.3%,4.9,0.3,26.3%,-7.6,0.0,64.8%,5.6,-0.6,51.3%,1.1,0.1,34.9%,-5.7,0.0,72.2%,9.0,-0.3,46.6%,-0.3,-0.1,56.1%,2.7,-0.1
Texas St,44.8%,-0.1,-0.5,52.1%,1.2,0.8,26.6%,-6.5,0.5,58.7%,7.4,-0.8,47.6%,-0.8,0.6,34.7%,-5.6,0.6,63.1%,7.3,-1.7,52.9%,2.1,+4.2,49.3%,1.0,0.2
Texas Tech,46.2%,-1.1,-0.9,59.2%,4.7,-0.1,23.1%,-8.9,-1.3,55.7%,3.9,-0.2,52.9%,1.4,-0.8,29.3%,-7.0,-1.7,74.3%,10.1,0.7,44.2%,-0.8,-0.9,54.8%,2.8,-0.4
Toledo,47.3%,-0.7,-0.5,62.7%,4.6,0.9,24.4%,-7.7,-0.2,57.0%,4.4,0.5,57.6%,2.1,0.4,39.4%,-3.4,-0.1,73.3%,8.6,1.0,51.2%,0.0,-1.5,55.9%,2.3,0.2
Towson,37.0%,-4.1,-0.5,47.5%,0.0,1.0,24.4%,-8.7,0.4,44.3%,-0.6,-1.2,41.5%,-2.9,0.5,30.7%,-6.7,0.9,53.6%,2.2,-0.1,39.3%,-3.6,-1.6,41.6%,-2.4,0.2
Troy,45.1%,-1.2,-0.2,51.3%,1.1,0.2,29.8%,-6.4,1.1,52.5%,4.9,-1.0,46.7%,-1.9,0.1,34.1%,-5.9,0.3,63.9%,6.7,-0.3,47.6%,1.0,-0.2,48.5%,0.3,0.0
Tulane,38.5%,-3.5,-1.1,47.0%,-0.2,-0.5,19.7%,-9.5,-0.8,48.5%,1.6,-0.6,40.1%,-3.6,-1.0,24.4%,-8.3,-0.2,58.4%,3.8,-1.2,37.9%,-5.2,-1.9,43.3%,-1.7,-0.9
Tulsa,55.2%,1.3,0.1,59.7%,4.2,0.3,28.1%,-6.6,0.2,58.5%,4.7,0.3,56.2%,1.9,-0.2,38.4%,-3.7,-0.3,74.5%,9.1,0.6,52.1%,1.2,0.0,58.1%,3.3,0.1
U Mass,50.7%,0.5,-0.3,50.0%,-0.4,-0.5,29.7%,-6.3,0.4,55.9%,1.6,0.1,48.6%,-0.4,-0.8,35.5%,-4.5,-0.2,66.2%,4.7,-0.7,49.0%,0.3,+0.8,51.6%,0.4,-0.3
U Penn,47.7%,-0.3,0.5,59.0%,3.2,-0.4,24.4%,-8.6,-0.2,47.4%,-0.6,-1.4,56.9%,2.5,0.8,46.7%,-1.5,0.6,63.5%,5.1,-0.6,34.7%,-2.5,-0.6,53.9%,1.6,0.0
UAB,64.3%,5.0,0.8,61.1%,4.0,0.0,34.8%,-4.8,1.4,65.0%,5.6,-0.7,61.4%,4.1,0.6,48.5%,-1.4,0.3,78.2%,11.1,0.7,45.3%,-1.6,-0.7,62.6%,4.7,0.4
UC Davis,43.3%,-2.1,0.3,45.6%,-1.7,-0.3,27.2%,-7.3,0.5,49.3%,1.1,-0.1,43.4%,-2.6,-0.3,30.7%,-6.4,1.6,57.2%,3.1,-1.2,49.2%,-3.3,-3.4,43.8%,-2.1,-0.1
UC Irvine,55.1%,2.6,0.8,58.6%,3.2,0.2,28.3%,-6.4,1.1,63.9%,8.0,0.4,55.4%,1.8,0.2,42.7%,-2.4,1.0,72.7%,8.9,-0.2,52.9%,1.9,-0.9,56.7%,2.9,0.3
UC Riverside,39.6%,-2.7,0.2,38.6%,-2.6,-0.7,22.5%,-8.4,0.2,55.0%,4.3,0.4,33.0%,-5.4,-0.5,24.5%,-8.8,0.0,54.1%,3.4,-0.6,38.6%,-4.0,+0.3,38.4%,-3.1,-0.2
UCF,53.6%,1.5,0.2,58.0%,2.9,0.1,25.2%,-7.2,-0.1,58.0%,2.8,-0.1,57.6%,2.9,0.8,38.3%,-3.8,-0.6,72.2%,7.8,0.5,52.3%,0.8,+2.0,56.9%,2.6,0.2
UCLA,59.8%,2.7,-0.6,69.3%,6.8,0.7,35.8%,-5.2,0.6,68.2%,7.1,-0.6,64.4%,4.2,0.2,51.4%,-0.3,0.6,79.9%,11.0,0.4,56.7%,1.8,-1.0,66.6%,5.7,0.2
UCSB,53.0%,1.7,-1.0,59.9%,3.4,0.1,30.8%,-6.2,0.4,63.7%,6.6,-0.3,57.9%,2.5,0.1,43.8%,-2.3,0.2,70.8%,8.1,-1.0,60.0%,3.5,+1.3,57.6%,3.0,-0.2
UCSD,45.5%,0.2,0.4,46.0%,0.9,-0.6,27.4%,-6.5,0.8,65.4%,10.5,-0.1,44.4%,-2.0,-0.4,23.9%,-10.1,0.4,64.2%,7.1,0.6,0.0%,-17.8,-10.5,38.6%,-3.6,0.0
UL Monroe,37.2%,-3.6,0.1,45.3%,-1.7,-0.1,22.6%,-9.4,-0.2,52.2%,4.3,-1.0,36.8%,-5.1,0.1,24.2%,-10.2,-0.3,59.6%,5.3,0.2,29.8%,-5.6,+0.9,40.5%,-2.9,0.0
UNLV,61.6%,4.0,0.2,60.9%,4.3,-0.1,29.6%,-5.7,0.3,61.1%,6.5,-0.3,61.6%,3.6,-0.2,45.0%,-1.8,0.5,74.8%,9.3,-0.5,45.7%,-1.0,+0.6,61.8%,4.5,0.0
USC,48.6%,0.5,0.2,60.3%,3.7,0.1,29.0%,-5.7,0.7,66.7%,5.3,-0.1,52.5%,1.5,0.4,37.9%,-3.0,0.3,69.1%,7.0,-0.3,55.4%,1.6,+1.2,55.8%,2.6,0.1
UTSA,44.3%,-1.8,0.8,46.8%,-0.6,-0.6,26.3%,-8.5,1.0,55.6%,4.5,-0.1,45.2%,-2.0,0.8,31.4%,-7.1,-1.0,61.1%,5.3,1.3,42.9%,-2.7,+0.7,46.2%,-0.9,0.2
Utah,53.1%,2.0,-0.3,63.4%,6.0,0.6,26.7%,-7.1,-0.5,65.8%,8.8,0.1,59.1%,3.4,0.7,39.2%,-2.5,-0.5,78.6%,12.4,2.0,50.8%,-1.3,-2.6,60.5%,5.1,0.4
Utah St,62.1%,5.7,-0.6,72.0%,8.2,1.8,30.5%,-4.8,0.6,77.4%,11.8,1.8,68.7%,6.4,0.9,51.5%,1.2,0.4,86.1%,13.8,1.9,62.3%,3.7,+1.3,69.7%,7.7,1.2
Utah Tech,40.9%,-4.1,0.6,39.1%,0.3,-1.2,23.8%,-9.9,-0.7,61.3%,8.5,-0.9,25.0%,-8.6,-0.9,21.7%,-10.9,-1.0,54.6%,4.8,0.9,60.0%,0.2,+2.3,38.3%,-3.2,-0.1
Utah Valley,55.5%,4.3,2.7,56.8%,2.7,0.6,29.0%,-6.6,1.8,62.3%,8.5,0.3,54.5%,1.6,1.7,35.9%,-4.7,1.2,78.3%,11.9,2.2,42.5%,0.6,0.0,55.8%,3.3,1.4
VA Tech,47.9%,-0.1,0.1,55.1%,3.4,0.1,25.5%,-7.5,0.2,54.8%,3.1,-0.3,51.6%,1.7,0.0,29.9%,-6.2,-0.8,69.7%,8.7,0.7,48.8%,0.3,+0.8,53.0%,2.4,0.1
VCU,65.7%,5.0,0.6,67.3%,6.1,0.8,30.3%,-4.1,0.8,69.0%,6.7,-0.6,67.0%,5.6,0.7,53.4%,1.3,0.4,81.2%,10.2,0.3,54.6%,2.9,+2.6,67.3%,5.9,0.7
VMI,36.2%,-3.2,-1.1,41.0%,-2.2,-1.0,17.8%,-11.6,-1.0,52.0%,6.8,-1.1,33.1%,-6.3,-1.5,22.3%,-11.2,-1.2,55.9%,6.6,-0.7,34.0%,-3.8,-2.2,38.5%,-2.5,-1.1
Valparaiso,53.5%,1.5,0.6,60.2%,3.8,-0.3,26.5%,-7.5,0.1,61.8%,6.5,-0.2,56.1%,2.1,0.1,41.0%,-2.9,-0.3,74.1%,9.4,0.1,55.3%,1.4,+1.1,57.7%,3.1,0.0
Vanderbilt,50.5%,0.9,0.3,55.7%,3.3,0.3,28.9%,-6.1,0.5,55.3%,3.2,-0.8,51.4%,1.7,0.3,31.9%,-4.8,1.0,70.9%,7.9,-0.1,44.6%,0.2,-0.6,54.5%,2.6,0.2
Vermont,64.2%,5.3,1.6,70.1%,6.9,0.7,25.6%,-7.8,-0.1,74.1%,8.5,1.8,63.8%,5.7,0.6,57.1%,1.6,0.5,81.1%,11.9,1.8,54.0%,1.4,+0.4,67.3%,6.1,1.0
Villanova,61.5%,4.3,-0.2,70.7%,7.5,0.9,32.5%,-3.8,1.4,69.1%,7.3,-0.4,69.3%,7.2,1.0,53.3%,1.4,0.0,80.9%,11.4,0.6,68.7%,6.8,+1.3,68.8%,7.0,0.6
Virginia,54.1%,1.3,-0.6,68.4%,6.6,-0.3,27.9%,-8.4,-1.1,63.5%,5.2,0.0,64.1%,5.1,-0.5,43.7%,-2.6,-0.7,79.3%,11.3,0.6,62.1%,3.2,-2.0,64.4%,5.3,-0.3
W Carolina,43.4%,-1.0,-0.1,43.8%,-2.3,-0.7,22.9%,-9.9,-0.4,52.0%,6.3,-0.8,39.7%,-4.7,-0.5,26.2%,-9.4,-0.2,63.2%,7.2,-0.1,42.7%,-3.6,-1.9,43.3%,-1.8,-0.4
W Georgia,0.0%,-23.0,0.5,,,,0.0%,-29.0,-4.3,,,,0.0%,-35.0,-9.0,20.0%,-18.8,-4.3,,,,,,,20.0%,-18.8,-4.3
W Illinois,32.7%,-4.4,-1.4,45.6%,-1.5,-0.5,22.7%,-9.3,-0.5,47.4%,3.3,-1.5,33.8%,-5.8,-1.2,21.8%,-10.0,-0.7,55.0%,4.1,-0.9,36.2%,-5.5,-1.5,37.9%,-3.2,-0.8
W Kentucky,57.6%,2.5,0.2,64.1%,4.6,0.0,33.0%,-5.5,1.1,64.7%,7.3,0.0,60.4%,2.5,-0.2,44.6%,-1.6,-0.1,77.7%,9.3,-0.4,58.3%,1.9,+1.7,61.6%,3.8,0.0
W Michigan,47.8%,-0.8,-0.5,50.9%,0.8,0.0,26.6%,-7.4,0.2,53.6%,3.2,-0.6,46.1%,-1.2,-0.3,30.6%,-5.8,-0.4,68.3%,6.4,0.2,43.7%,-1.9,-1.0,48.9%,0.1,-0.2
W Virginia,55.2%,1.7,0.0,60.9%,5.6,0.1,27.6%,-6.6,-0.5,67.1%,7.6,0.0,58.4%,3.9,0.4,38.4%,-3.8,-1.1,74.2%,10.6,0.9,59.9%,3.5,+0.3,59.6%,4.5,0.1
WI-Grn Bay,48.2%,-0.4,0.4,52.9%,0.6,-0.2,26.2%,-8.2,0.0,52.3%,2.8,-1.0,49.4%,-0.6,0.5,31.6%,-6.4,-0.3,70.0%,6.8,0.3,45.8%,0.0,+1.1,50.5%,0.2,0.1
WI-Milwkee,46.6%,-1.5,-0.1,51.9%,0.9,-0.1,27.8%,-7.5,0.7,56.1%,3.9,1.0,47.9%,-0.7,-0.2,36.0%,-4.8,0.5,64.4%,5.4,-0.5,47.7%,-0.8,-0.6,49.8%,0.1,0.0
Wagner,50.6%,-0.1,-0.4,54.9%,1.2,-0.9,34.5%,-7.7,0.1,58.1%,2.5,1.0,51.8%,0.3,-1.1,40.9%,-4.2,-0.7,65.7%,5.8,-0.7,52.6%,0.1,-1.4,52.4%,0.4,-0.7
Wake Forest,47.1%,-0.9,0.0,57.5%,3.2,-0.4,24.5%,-8.3,-0.4,56.7%,2.3,0.4,49.9%,1.2,-0.3,31.0%,-5.4,-0.4,73.0%,8.1,1.0,42.2%,-3.4,-3.3,54.1%,1.9,-0.1
Wash State,39.6%,-3.1,0.2,50.4%,1.3,-0.3,23.1%,-8.6,-0.3,57.1%,2.5,-0.7,40.4%,-1.8,0.2,29.0%,-7.5,-0.6,60.4%,4.9,0.6,42.1%,-0.2,-0.1,46.1%,-0.5,0.0
Washington,48.3%,-0.6,0.0,60.3%,3.9,0.0,27.2%,-7.7,-0.5,61.1%,4.3,-0.1,52.7%,0.7,-0.1,35.7%,-4.5,-0.3,71.8%,7.6,-0.1,48.7%,-0.1,+0.9,55.9%,2.3,0.0
Weber St,58.7%,5.0,0.4,62.5%,3.8,0.4,30.2%,-6.6,0.3,65.0%,9.2,-1.4,59.3%,2.5,0.5,44.0%,-2.7,0.1,79.7%,12.3,0.6,51.5%,1.1,+0.4,61.1%,4.5,0.3
Wichita St,55.9%,2.6,-0.1,67.2%,7.1,0.8,29.1%,-5.4,0.4,69.1%,7.5,0.6,61.0%,5.1,0.1,51.0%,0.4,0.8,78.0%,10.9,0.3,51.1%,3.0,+0.3,64.3%,5.9,0.5
Winthrop,57.5%,4.0,0.3,64.2%,4.7,-0.1,23.6%,-7.7,0.6,66.2%,8.4,-0.9,60.9%,3.5,0.0,46.7%,-1.4,0.9,78.8%,11.6,-0.6,52.7%,-1.2,-0.6,61.9%,4.6,0.0
Wisconsin,66.0%,5.4,0.4,68.6%,7.0,0.7,38.1%,-3.2,1.7,67.2%,7.3,0.4,68.3%,6.8,0.8,50.2%,0.1,0.4,83.3%,13.1,0.9,62.1%,3.6,+0.3,68.3%,7.0,0.6
Wm & Mary,41.5%,-1.9,-0.3,46.6%,-1.4,-0.3,23.7%,-8.5,0.0,49.4%,3.8,-0.9,43.0%,-2.4,0.2,28.2%,-6.9,0.1,61.6%,4.8,-0.3,38.9%,-2.5,-2.2,43.9%,-1.4,-0.2
Wofford,53.2%,2.3,0.4,54.3%,2.7,0.4,25.4%,-7.7,0.9,62.8%,9.9,0.8,50.9%,0.4,0.6,34.9%,-5.2,0.9,73.2%,11.1,0.0,53.9%,2.5,-0.7,52.9%,2.4,0.4
Wright St,54.4%,2.3,0.5,58.0%,2.7,0.2,31.7%,-6.5,0.5,61.9%,5.2,0.1,55.3%,1.9,0.2,38.7%,-3.9,-0.3,73.5%,8.4,0.8,50.8%,1.1,+0.8,56.4%,2.4,0.3
Wyoming,50.0%,-0.7,0.0,53.0%,1.2,-0.6,25.7%,-7.8,-0.2,64.1%,5.0,-0.6,46.5%,-1.4,-0.3,29.8%,-6.8,-1.1,71.7%,7.2,0.4,41.6%,-2.0,-0.1,52.7%,1.0,-0.3
Xavier,66.8%,6.0,0.0,67.9%,6.8,0.8,38.5%,-2.8,1.7,73.2%,7.9,0.5,66.7%,6.8,0.6,50.8%,1.1,0.1,84.8%,12.9,1.2,57.4%,2.4,+0.2,68.6%,7.1,0.6
Yale,51.1%,1.3,1.1,57.5%,2.8,0.9,28.3%,-7.4,1.4,48.2%,5.0,1.1,58.2%,1.8,0.9,40.7%,-2.8,1.8,71.0%,8.4,-0.4,57.6%,2.4,+3.5,54.4%,2.2,1.1
Youngs St,40.4%,-2.1,0.0,45.5%,-0.4,-0.8,20.4%,-9.1,-0.3,50.9%,4.5,-1.5,40.1%,-3.6,-0.2,26.4%,-7.8,-0.4,59.3%,5.2,-0.3,42.2%,-2.2,-0.3,42.7%,-1.4,-0.3
